conversation_id_str,created_at,favorite_count,full_text,id_str,image_url,in_reply_to_screen_name,lang,location,quote_count,reply_count,retweet_count,tweet_url,user_id_str,username
1.71775E+18,Fri Oct 27 04:08:42 +0000 2023,23,@detikcom klo kami warga indonesia paham sih pak ga usah pake alat buat meneliti wong beliau pake bahasa indonesia aja masih medoknya keliatan ya ga mungkin lah bisa fasih mandarin ya logika saja ga masuk ,1.71776E+18,,detikcom,in,,0,0,0,https://x.com/simteck48/status/1717755174826234095,80481132,simteck48
1.71775E+18,Fri Oct 27 11:48:40 +0000 2023,1,@detikcom Di tik tod bngak pendukung si tri bermunculan‚ÄçÔ∏è,1.71787E+18,,detikcom,in,,0,0,0,https://x.com/leonGacor/status/1717870929085411675,1.51365E+18,leonGacor
1.71775E+18,Sat Oct 28 02:28:17 +0000 2023,1,@detikcom tp sebenernya yaa andai pun ini bukan hoax emang kenapa kaloo bisa bahasa mandarin ???,1.71809E+18,,detikcom,in,"bandung , jawa barat",0,0,0,https://x.com/reza_granesha28/status/1718092289241948522,1897108561,reza_granesha28
1.71775E+18,Fri Oct 27 10:08:56 +0000 2023,3,@detikcom pidato bahasa inggris aja masih pelan2 apalagi mandarin...ada aja yang percaya kwkwkw,1.71785E+18,,detikcom,in,Japan,0,0,0,https://x.com/kogoromilenial/status/1717845829426487415,1.31022E+18,kogoromilenial
1.71775E+18,Fri Oct 27 13:00:41 +0000 2023,0,@detikcom Kasian pak de,1.71789E+18,,detikcom,in,,0,1,0,https://x.com/capemoveon/status/1717889051045576826,231324729,capemoveon
1.71775E+18,Fri Oct 27 09:01:17 +0000 2023,2,@detikcom yg percaya sih b3g0 nya kebangetan. beliau bhs inggeris aja belepotan apalagi mandarin ,1.71783E+18,,detikcom,in,,0,0,0,https://x.com/EndraSept/status/1717828805233095138,381936450,EndraSept
1.71775E+18,Fri Oct 27 13:03:15 +0000 2023,0,@detikcom bentar lagi rame di grub keluarga,1.71789E+18,,detikcom,in,,0,1,1,https://x.com/marioalessdro/status/1717889700042780758,226884539,marioalessdro
1.71775E+18,Fri Oct 27 14:35:48 +0000 2023,1,@detikcom Wah tadi seliweran jg di tiktok. Langsung isinya komen emak bapak sumbu pendek ,1.71791E+18,,detikcom,in,,0,0,0,https://x.com/AKUNSANTUN/status/1717912987158388990,1.47874E+18,AKUNSANTUN
1.71775E+18,Fri Oct 27 05:33:31 +0000 2023,4,@detikcom Lagian bisa liat pakdhe bisa faseh bahasa asing aja udah aneh apalagi suruh percaya. Yang bikin hoax kurang wawasan.heuheuheu,1.71778E+18,,detikcom,in,,0,0,0,https://x.com/Yamanda01/status/1717776518796157403,288853147,Yamanda01
1.71775E+18,Sat Oct 28 00:22:15 +0000 2023,1,@detikcom Jangankan kok mandarin bahasa general dunia (B.Inggris) aja you know kualitasnya laaah ,1.71806E+18,,detikcom,in,Trenggalek - Jawa Timur,0,0,0,https://x.com/Bambank_L300/status/1718060575308337452,1.61354E+18,Bambank_L300
1.71775E+18,Sat Oct 28 01:11:27 +0000 2023,0,@detikcom Emang kenapa sih kalau semisal itu benran beliau fasih ngomng gtu bukanya kita harus bangg y kalau semisal pemimpin negara bisa fasih ngomng bermacam bahasa syukur¬≤ bisa menguasai smua bhasa asing kenapa harus d permaslahkan cba? ,1.71807E+18,,detikcom,in,,0,0,0,https://x.com/_byby23_/status/1718072954309988712,1.35327E+18,_byby23_
1.71775E+18,Sat Oct 28 04:02:45 +0000 2023,0,@detikcom ditangkep dong yg bikin n nyebarin,1.71812E+18,,detikcom,in,,0,0,0,https://x.com/haansaja/status/1718116065065185486,2262567174,haansaja
1.71775E+18,Tue Oct 31 01:36:39 +0000 2023,0,@detikcom Skrng jaman A semua bs dikerjakan dgn mudah! https://t.co/tY8o4IgXuM,1.71917E+18,https://pbs.twimg.com/ext_tw_video_thumb/1719166325476724736/pu/img/gvyeoncEpNY94YSy.jpg,detikcom,in,Indonesia üáÆüá©,0,0,0,https://x.com/bushido_aikido/status/1719166461665751526,1.41302E+18,bushido_aikido
1.71775E+18,Fri Oct 27 23:25:58 +0000 2023,0,@detikcom Tebak kelakuan fans capres yg mana ,1.71805E+18,,detikcom,in,Puerto Rico,0,0,0,https://x.com/berbudipekerty/status/1718046410653028763,1.06248E+18,berbudipekerty
1.71775E+18,Sat Oct 28 00:33:38 +0000 2023,0,@detikcom Sungguh Bahaya Teknologi Deepfake Ini Contohnya Kalau Ada Berita Harus Dicek Sebelum Menyimpulkan Ya Guys !.,1.71806E+18,,detikcom,in,,0,0,0,https://x.com/okeabi10/status/1718063438063378663,1.49085E+18,okeabi10
1.71775E+18,Fri Oct 27 19:46:12 +0000 2023,0,@detikcom Salam 3 periode..,1.71799E+18,,detikcom,in,,0,0,0,https://x.com/Bon73213785/status/1717991105369882918,1.41663E+18,Bon73213785
1.71775E+18,Fri Oct 27 17:39:39 +0000 2023,0,@detikcom Anjir bgt AI,1.71796E+18,,detikcom,in,Road of Anfield Road's,0,0,0,https://x.com/redsgils/status/1717959257839341949,101697193,redsgils
1.71775E+18,Sat Oct 28 00:57:10 +0000 2023,0,@detikcom udh keburu masuh grup wa keluarga dikasih tau malah gw dituduh timses gibran. sedihnya yg nyebar tante gw Ph.D malaysia dosen pts top di padang wkwk,1.71807E+18,,detikcom,in,,0,0,0,https://x.com/0xdel_/status/1718069359904772391,1.18148E+18,0xdel_
1.71775E+18,Fri Oct 27 17:45:13 +0000 2023,0,@detikcom waduh. hoaxnya bisa semirip itu. teknologi mulai ke arah berbahaya sekarang artinya,1.71796E+18,,detikcom,in,"Central Borneo, Indonesia",0,0,0,https://x.com/BernardusHari/status/1717960656299987390,122086638,BernardusHari
1.71775E+18,Sat Oct 28 14:50:50 +0000 2023,0,@detikcom Bahaya kalau sampek masuk grup wa,1.71828E+18,,detikcom,in,"East Java, Indonesia",0,0,0,https://x.com/Anwarrjpg/status/1718279158118371763,1.09637E+18,Anwarrjpg
1.71775E+18,Sun Oct 29 23:36:44 +0000 2023,0,@detikcom Biasa aja.. Makanya netizen skrng kudu cerdas.. Apalagi dlm menghadapi kampanye hitam...,1.71877E+18,,detikcom,in,,0,0,0,https://x.com/wwn_st/status/1718773896483418129,1.22596E+18,wwn_st
1.71775E+18,Fri Oct 27 12:56:50 +0000 2023,4,@detikcom yang ngepost hoax foto profilnya selamatkan indonesia wkwk babi babi padahal dia yg nyebarin hoax,1.71789E+18,,detikcom,in,,0,0,0,https://x.com/xmrvel/status/1717888084795347252,1.10079E+18,xmrvel
1.71775E+18,Fri Oct 27 20:05:52 +0000 2023,5,@detikcom Ini mih pelaku nya berhasil saya ss https://t.co/sfuBiMA68y,1.718E+18,https://pbs.twimg.com/media/F9eMTJJbsAABne4.jpg,detikcom,in,"Bobeck, Deutschland",0,0,0,https://x.com/SubacEverywhere/status/1717996051440050422,1.37194E+18,SubacEverywhere
1.71775E+18,Fri Oct 27 13:27:13 +0000 2023,0,@detikcom Tapi serius deh semisalpun beliau beneran bisa bahasa mandarin emang kenapa dah?,1.7179E+18,,detikcom,in,,0,6,0,https://x.com/yakduar/status/1717895729203790087,254976514,yakduar
1.71775E+18,Fri Oct 27 07:45:35 +0000 2023,0,@detikcom Ya baguslah bisa bahasa mandarin....,1.71781E+18,,detikcom,in,,0,1,0,https://x.com/Oren_Beat/status/1717809754456969694,1.26337E+18,Oren_Beat
1.71775E+18,Fri Oct 27 08:16:33 +0000 2023,1,@detikcom Efek deepfake ini bisa diminimalisir kalau masyarakatnya pintar dan gak baperan nah... Masalahnya di Indonesia adalah......................,1.71782E+18,,detikcom,in,,0,1,0,https://x.com/babahnyafara/status/1717817546345500941,3012148316,babahnyafara
1.71775E+18,Fri Oct 27 04:12:33 +0000 2023,54,@detikcom Ngeri emang teknologi deep fake. Lah lukisan2 terkenal aja bisa dibikin hidup apalagi cuma gerakan bibir.,1.71776E+18,,detikcom,in,"Jakarta, Indonesia",0,1,1,https://x.com/rabkaamatarp/status/1717756142485643640,2954401411,rabkaamatarp
1.71775E+18,Fri Oct 27 04:12:34 +0000 2023,0,@detikcom Jangan sampe masuk grup keluarga,1.71776E+18,,detikcom,in,pluto,1,0,1,https://x.com/humairoh0989/status/1717756147518873920,1.68489E+18,humairoh0989
1.71775E+18,Fri Oct 27 04:15:24 +0000 2023,0,@detikcom Tinggal di check aja yg bisa bikin dan yg punya fasilitas untuk bikin kek gini siapa? ga sembarangan org bisa bikin video kek gini. Bisa jd org2nya juga yg bikin buat nyari empati.,1.71776E+18,,detikcom,in,,0,1,0,https://x.com/lampu_patromaks/status/1717756861871747224,1.68151E+18,lampu_patromaks
1.71775E+18,Fri Oct 27 04:13:32 +0000 2023,0,@detikcom Kynya mudah ya kerjaan kominfo apalagi d bantu netizen tinggal nulis d web hoax. Apa cm perasaan saya doang mudah?,1.71776E+18,,detikcom,in,,0,0,0,https://x.com/pakar_ai/status/1717756392004821008,1.58584E+18,pakar_ai
1.71775E+18,Fri Oct 27 15:39:36 +0000 2023,0,@detikcom Malah kalo ada yg percaya bahlul kadang ngomong indo aja teks apa dia bacanya apa ,1.71793E+18,,detikcom,in,,0,0,0,https://x.com/manwithright/status/1717929046154301938,1.37712E+18,manwithright
1.71775E+18,Fri Oct 27 05:25:29 +0000 2023,0,@detikcom Pasti ulah KADRUN,1.71777E+18,,detikcom,tr,,0,0,0,https://x.com/notyourboy96/status/1717774496575389866,7.69577E+17,notyourboy96
1.71775E+18,Fri Oct 27 14:12:06 +0000 2023,0,@detikcom Pakai teknologi ini bisa nggak ya penyanyi yang sudah meninggal rilis album baru pinginya Nike Ardilla.,1.71791E+18,,detikcom,in,,0,0,0,https://x.com/mcdhonnathe/status/1717907025718636808,58803445,mcdhonnathe
1.71775E+18,Fri Oct 27 09:52:42 +0000 2023,0,@detikcom Padahal bagus jadi bisa kerja di kereta cepat,1.71784E+18,,detikcom,in,,0,0,0,https://x.com/otakosonggg/status/1717841745365581947,1.42755E+18,otakosonggg
1.71775E+18,Fri Oct 27 13:23:35 +0000 2023,0,@detikcom Yang percaya sih yang kelewatan goblooooknya ,1.71789E+18,,detikcom,in,"Malang, Jawa Timur",0,0,0,https://x.com/milhamnr_/status/1717894816644972589,451074142,milhamnr_
1.71775E+18,Fri Oct 27 16:11:35 +0000 2023,0,@detikcom Dampak dari ulahnya,1.71794E+18,,detikcom,in,"Kota Batam, Kepulauan Riau",0,0,0,https://x.com/GoklasAsido75/status/1717937091706011875,3235768932,GoklasAsido75
1.71775E+18,Fri Oct 27 12:23:00 +0000 2023,0,@detikcom Gila udh mulai black campaign kayak gini. Khawatirnya yang kurang terinformasi bisa tertipu.,1.71788E+18,,detikcom,in,,0,0,0,https://x.com/baekzzz/status/1717879570119143784,141679344,baekzzz
1.71775E+18,Fri Oct 27 16:40:30 +0000 2023,0,@detikcom Lebih lancar lagi Sule klo masalah bahasa Mandarin,1.71794E+18,,detikcom,in,Jakarta,0,0,0,https://x.com/santrisatria/status/1717944372480848004,320601108,santrisatria
1.71775E+18,Fri Oct 27 08:31:02 +0000 2023,0,@detikcom berita gak penting sih.. saya sudah lama gak percaya yg keluar dr mulut @jokowi.,1.71782E+18,,detikcom,in,,0,0,0,https://x.com/FollowingSeaz/status/1717821190423912513,1.41525E+18,FollowingSeaz
1.71775E+18,Sat Oct 28 03:02:13 +0000 2023,0,@detikcom Ngerihh teknologi..,1.7181E+18,,detikcom,in,Jakarta - Malang,0,0,0,https://x.com/albasthaqi/status/1718100832351359084,636112429,albasthaqi
1.71775E+18,Sat Oct 28 02:02:31 +0000 2023,0,@detikcom Tp itu keliatan kalo bukan orang,1.71809E+18,,detikcom,in,"SUB, INA",0,0,0,https://x.com/lilclassyy/status/1718085807012237587,444609412,lilclassyy
1.71775E+18,Sat Oct 28 12:30:34 +0000 2023,0,@detikcom serem,1.71824E+18,,detikcom,en,,0,0,0,https://x.com/ranigltm/status/1718243862068777161,1.32059E+18,ranigltm
1.71775E+18,Fri Oct 27 18:44:11 +0000 2023,0,@detikcom gokil black campaign pake ai what a time tobe alive,1.71798E+18,,detikcom,en,Ba Sing Se Earth Kingdom,0,0,0,https://x.com/Ikhsanhaw/status/1717975495768498238,106733183,Ikhsanhaw
1.71775E+18,Sat Oct 28 03:08:52 +0000 2023,0,@detikcom serem bgt,1.7181E+18,,detikcom,in,BALI,0,0,0,https://x.com/yopielimart/status/1718102506214207560,203827457,yopielimart
1.71775E+18,Fri Oct 27 23:10:07 +0000 2023,0,@detikcom Oke PR selanjutnya adalah edukasi apa itu deepfake ke grup keluarga.,1.71804E+18,,detikcom,in,indonesia,0,0,0,https://x.com/bapaumegajaya/status/1718042422784254196,865781520,bapaumegajaya
1.71775E+18,Sat Oct 28 03:42:48 +0000 2023,0,@detikcom kalo kita yakin dia orang baik apapun kabar buruk yhd.dirinya ya kita tidak mempercayainya,1.71811E+18,,detikcom,in,,0,0,0,https://x.com/ikeda_sing/status/1718111045783564627,1.37194E+18,ikeda_sing
1.71775E+18,Fri Oct 27 05:24:39 +0000 2023,0,@detikcom Lagian apa salah nya bisa bahasa mandarin??? ,1.71777E+18,,detikcom,in,,0,1,0,https://x.com/pigeon9966/status/1717774287652999390,1.58622E+18,pigeon9966
1.71775E+18,Fri Oct 27 07:02:43 +0000 2023,1,@detikcom tidak usah capek2 ubah sudut pandang pemikiran kaum dajjal yg benci Bapak @jokowi belum tentu juga mereka punya OTAK buat MIKIR buakakakakakakkk,1.7178E+18,,detikcom,in,Jakarta Capital Region,0,0,0,https://x.com/aphrodite_glo/status/1717798964916044014,1.71669E+18,aphrodite_glo
1.71775E+18,Fri Oct 27 08:27:31 +0000 2023,0,@detikcom Media lebay. Korban? Memangnya presiden menderita karena ini? Kesenggol aja gak,1.71782E+18,,detikcom,in,,1,13,0,https://x.com/indyadi/status/1717820306440761769,90392203,indyadi
1.71775E+18,Fri Oct 27 15:59:13 +0000 2023,0,@un_therocketman @detikcom Gak salah cuma kemarin liat di @PartaiSocmed dia nge-quote yg nyebarin captionnya provokatif. Taulah ntar diartiin lain dengan bilang Pro cina ,1.71793E+18,,,in,mars,0,0,0,https://x.com/noturtypebtch/status/1717933983160529024,99864097,noturtypebtch
1.71775E+18,Fri Oct 27 04:59:25 +0000 2023,2,@syvlac @detikcom Yang nyebarin relawan Anis btw.. haha,1.71777E+18,,,in,"Banyuwangi, Jawa Timur",0,0,0,https://x.com/Leg0wo/status/1717767936302301639,511584561,Leg0wo
1.71775E+18,Fri Oct 27 07:49:49 +0000 2023,0,@syvlac @detikcom Ngeri banget,1.71781E+18,,,in,Indonesia,0,0,0,https://x.com/syamem_112/status/1717810819315216636,3194542452,syamem_112
1.71775E+18,Fri Oct 27 19:12:58 +0000 2023,0,@syvlac @detikcom Kenapa sih pendukung Anies pada tolol kek gini,1.71798E+18,,,in,Somewhere in Dreamland,0,0,0,https://x.com/greyemeraldxx/status/1717982740786688431,960603512,greyemeraldxx
1.71775E+18,Fri Oct 27 12:43:55 +0000 2023,0,@detikcom mungkin yang edit berkhayal kalo punya presiden yang punya skill penutur multiple bahasa,1.71788E+18,,detikcom,in,"Central Java, Indonesia",0,0,0,https://x.com/awuxawux/status/1717884833735790807,1.58889E+18,awuxawux
1.71775E+18,Sat Oct 28 00:40:26 +0000 2023,0,@syvlac @detikcom Rakyat jg banysk jd korban parah betul dia jd presiden,1.71807E+18,,,in,"Poznan, Poland",0,0,0,https://x.com/DimWolstenholme/status/1718065150878773412,615944390,DimWolstenholme
1.71775E+18,Fri Oct 27 13:32:59 +0000 2023,0,@detikcom Ngeri banget,1.7179E+18,,detikcom,in,,0,0,0,https://x.com/TropicalSnow_/status/1717897178881151004,1.24647E+18,TropicalSnow_
1.71775E+18,Fri Oct 27 11:43:49 +0000 2023,0,@detikcom Wow,1.71787E+18,,detikcom,und,,0,0,0,https://x.com/farhm_/status/1717869708723315009,1288894226,farhm_
1.71775E+18,Fri Oct 27 03:54:23 +0000 2023,0,@detikcom Makanya logika perlu. Kalo orang Indonesia kulit item yg inggris belepotan ya ga mungkinlah bisa bahasa mandarin. Udah gitu kulitnya pake diblur segala jadi putih. *detik ga boleh quote Btw saya inget video ini. Malu2in sih.,1.71775E+18,,detikcom,in,Indonesia,0,0,0,https://x.com/rizahariati/status/1717751572753752169,91758662,rizahariati
1.71775E+18,Fri Oct 27 08:57:51 +0000 2023,0,@detikcom Ngeri amat si AI ini,1.71783E+18,,detikcom,in,atas kasur ,0,0,0,https://x.com/Yleginardi/status/1717827941403590846,463750235,Yleginardi
1.71775E+18,Fri Oct 27 05:07:54 +0000 2023,3,@syvlac @detikcom yg nyebarin relawan anies oiii .. ga kapok2 dari 2014,1.71777E+18,,,in,021 0274 0271 ,0,0,0,https://x.com/galihholic_23/status/1717770071047823817,252604385,galihholic_23
1.71775E+18,Fri Oct 27 06:46:06 +0000 2023,0,@syvlac @detikcom Dari pendukungnya siapa nii bikin rusuh aja https://t.co/gHPpyvTbhr,1.71779E+18,https://pbs.twimg.com/media/F9bVP_iaYAAX_G8.jpg,,in,"Semarang, Jawa Tengah",0,0,0,https://x.com/pemudapemudiiii/status/1717794786260983960,1.69895E+18,pemudapemudiiii
1.71775E+18,Fri Oct 27 08:10:04 +0000 2023,0,@detikcom Pemuja Pemuji Penjilat Cina... Mata sipit tidak bisa dipercaya.,1.71782E+18,,detikcom,in,,0,0,0,https://x.com/Together_Esteem/status/1717815917525323894,1.65232E+18,Together_Esteem
1.71775E+18,Fri Oct 27 11:44:18 +0000 2023,0,@syvlac @detikcom Mencoba lempar batu sembunyi tangan. Manusia ini penyefong anies emang mantap,1.71787E+18,,,in,Corat coret kehidupan,0,0,0,https://x.com/Gw_tampvan/status/1717869827883483296,569023147,Gw_tampvan
1.71775E+18,Fri Oct 27 12:37:50 +0000 2023,0,@detikcom ini kemungkinannya 50:50 bisa dibuat utk tujuan hoax dari yg ga suka atau sengaja dibuat oleh internal agar seolah-olah jadi korban ...,1.71788E+18,,detikcom,in,Bandung ‚Ä¢ Indonesia,0,1,0,https://x.com/perjakasunda/status/1717883301988622783,99943355,perjakasunda
1.71775E+18,Fri Oct 27 12:40:48 +0000 2023,0,@detikcom Apa cuma di Indonesia ya jika ada yg melecehkan Kepala negara nya gk di hukum berat seperti di negara2 luar?,1.71788E+18,,detikcom,in,,0,0,0,https://x.com/VR799/status/1717884049489015215,1.1637E+18,VR799
1.71775E+18,Fri Oct 27 12:56:33 +0000 2023,0,@detikcom Tiap 5 tahunan banyak hoax,1.71789E+18,,detikcom,in,,0,0,0,https://x.com/liemcella84/status/1717888011327914375,167749081,liemcella84
1.71775E+18,Fri Oct 27 17:44:21 +0000 2023,0,@detikcom salah satu kerjaan dari 'petugas partai' adalah kampanye entah itu kampanye hitam kampanye negatif kampanye baik. Karena org2 fanatik partai bnyk dapat tenaga gratisan... yah buat kalian yg sedang menjadi 'petugas partai' pilpres 2024 selamat bekerja secara gratis.,1.71796E+18,,detikcom,in,,0,0,0,https://x.com/marikel1748431/status/1717960438284259703,1.65198E+18,marikel1748431
1.71775E+18,Fri Oct 27 18:21:11 +0000 2023,0,@detikcom Bukan maksud merendahkan Pak Jokowi aja ku denger belum begitu fasih inggris jadi agak meragukan beliau bisa fasih bahasa lain walaupun mungkin. Catatan serius AI harusnya mulai diregulasi secara detail karena gak cukup pake pasal serba bisa...,1.71797E+18,,detikcom,in,,0,1,0,https://x.com/alok_ggwp/status/1717969707406602445,1.6207E+18,alok_ggwp
1.71775E+18,Fri Oct 27 23:18:36 +0000 2023,0,@detikcom Targetnya ibu bapak fesbuk sama wa https://t.co/DU6r4mZrzF,1.71804E+18,,detikcom,in,,0,0,0,https://x.com/valchys02/status/1718044554824409177,2413451196,valchys02
1.71775E+18,Sat Oct 28 01:53:29 +0000 2023,0,@detikcom Serius nanya itu ngomong bahasa mandarin artinya apa? Sama kyk video aslinya ato beda?,1.71808E+18,,detikcom,in,,0,1,0,https://x.com/EryadEugene/status/1718083535364600016,1.35905E+18,EryadEugene
1.71775E+18,Fri Oct 27 03:58:50 +0000 2023,1,@detikcom yang pertama kali upload dimention juga min ,1.71775E+18,,detikcom,in,Surabaya,0,2,0,https://x.com/biewaditya/status/1717752691730895273,66355918,biewaditya
1.71775E+18,Fri Oct 27 07:38:21 +0000 2023,0,@detikcom @jeremyjerjer,1.71781E+18,,detikcom,qam,Kukuroo Mountain,0,1,0,https://x.com/diodoanggg/status/1717807935504748956,234311442,diodoanggg
1.71775E+18,Fri Oct 27 12:11:41 +0000 2023,5,@detikcom Ini aplikasinya https://t.co/DSipNw3pY6,1.71788E+18,,detikcom,in,"Bengkulu, Indonesia",0,0,1,https://x.com/EkoAjo8/status/1717876722350346477,1.39653E+18,EkoAjo8
1.83235E+18,Sat Sep 07 14:46:28 +0000 2024,5,@tang__kira DAN GUE JUGA GAK SUKA SAMA FANS YG CUMAN MUJI IDOLNYA KLO PAKE BAJU AGAK SEKSI uh my momy hot bla blabla hottie suka deh trs mreka suka bilang knp ga pake ini trs si stylisnya ga becus blabla. Najis otak kotor,1.83243E+18,,tang__kira,in,20'capricorn ,0,1,0,https://x.com/iclaudsa/status/1832430238212747777,1.29632E+18,iclaudsa
1.83235E+18,Sat Sep 07 13:30:04 +0000 2024,0,@tang__kira di twitter juga pernah nemu tpi ga pake kata kunci itu sih cuma pernah ada yg edit ga sepantasnya ,1.83241E+18,,tang__kira,in,,0,1,0,https://x.com/beingriches/status/1832411011779064144,1.72137E+18,beingriches
1.83235E+18,Sat Sep 07 14:53:48 +0000 2024,0,@tang__kira STRESSSSSSS,1.83243E+18,,tang__kira,en,aquarium ,0,0,0,https://x.com/akuikanblubuk/status/1832432084331458996,1.33926E+18,akuikanblubuk
1.83235E+18,Sat Sep 07 13:06:24 +0000 2024,0,@tang__kira ;(,1.83241E+18,,tang__kira,qam,,0,0,0,https://x.com/swetiespa/status/1832405058132324855,1.53257E+18,swetiespa
1.83235E+18,Sun Sep 08 03:09:22 +0000 2024,0,@tang__kira Gak cuma idol kpop aja ini member JKT48 sm foto2 influencer jg banyak,1.83262E+18,,tang__kira,in,buy my handmade keychains here,0,0,0,https://x.com/gorgeouseashore/status/1832617196771496091,1.2391E+18,gorgeouseashore
1.83235E+18,Sat Sep 07 14:05:34 +0000 2024,0,@tang__kira ORGIL,1.83242E+18,,tang__kira,in,,0,0,0,https://x.com/koobyza/status/1832419944816111960,1427040650,koobyza
1.83235E+18,Sat Sep 07 09:31:09 +0000 2024,1,@tang__kira Mengerikan,1.83235E+18,,tang__kira,in,,0,0,0,https://x.com/zsyjn24s/status/1832350884900290611,1.78258E+18,zsyjn24s
1.83235E+18,Sat Sep 07 09:36:40 +0000 2024,1,@tang__kira Coba search beneran ada. Anjrr mengerikan. Dunia ga aman buat cewek,1.83235E+18,,tang__kira,in,,0,0,0,https://x.com/zsyjn24s/status/1832352273206538531,1.78258E+18,zsyjn24s
1.83235E+18,Sat Sep 07 09:48:41 +0000 2024,0,@tang__kira bukannya di twitter lebih parah ya?,1.83236E+18,,tang__kira,in,"Barcelona, Williams Racing",0,1,0,https://x.com/Getjzebulon24/status/1832355298314735694,1.79177E+18,Getjzebulon24
1.83235E+18,Sat Sep 07 13:28:20 +0000 2024,60,@tang__kira STRESSSS GILAAAAAA,1.83241E+18,,tang__kira,in,,0,0,0,https://x.com/click_rosies/status/1832410577093968103,1.71171E+18,click_rosies
1.83235E+18,Sat Sep 07 14:15:49 +0000 2024,0,@tang__kira orang gilaaa,1.83242E+18,,tang__kira,in,,0,0,0,https://x.com/hannaapiness/status/1832422524854137328,1.67071E+18,hannaapiness
1.83235E+18,Sat Sep 07 14:52:16 +0000 2024,0,@tang__kira Di Twitter juga banyaaaakkkk,1.83243E+18,,tang__kira,in,,0,0,0,https://x.com/rejezctt/status/1832431698312835254,1.7313E+18,rejezctt
1.83235E+18,Sat Sep 07 15:27:28 +0000 2024,0,@tang__kira kalau direport masal di pinterestnya gitu bakal kehapus ngga sih?,1.83244E+18,,tang__kira,in,He/Him,0,0,0,https://x.com/denjiiikunnn/status/1832440555537887450,1.65721E+18,denjiiikunnn
1.83235E+18,Sat Sep 07 18:51:47 +0000 2024,0,@tang__kira Ih ini beneran aku pernah nemu yg member itzy sumpah parah banget,1.83249E+18,,tang__kira,in,Magic Shop in Magic Island,0,0,0,https://x.com/vikenrkive/status/1832491974013878443,1.55896E+18,vikenrkive
1.83235E+18,Sat Sep 07 22:44:43 +0000 2024,0,@tang__kira Duh gue mana tau lagi itu foto2 siapa Anj emang lu otak mesum ,1.83255E+18,,tang__kira,in,"Blue Earth, MN",0,0,0,https://x.com/byrigss/status/1832550596278415639,1.68352E+18,byrigss
1.83235E+18,Sat Sep 07 14:30:40 +0000 2024,0,@tang__kira Aku jg pernah nemu akun ig posting foto2 idol yg ga senonoh. Misal idol pake rok trs safety pants nya nampak trs captionnya nggilani bgt. Aku lupa siapa aja tp ada klip shuhua kena n1p sl1p pas era nude aku gakepikiran buat bawa ke twt dan minta rnb massal waktu itu,1.83243E+18,,tang__kira,in,Indonesia,0,0,0,https://x.com/soonyoungied/status/1832426261420921101,7.85058E+17,soonyoungied
1.83235E+18,Sat Sep 07 09:23:02 +0000 2024,2,@tang__kira Sinting bgt orgil,1.83235E+18,,tang__kira,in,,0,0,0,https://x.com/ciazzh/status/1832348843788398729,622775501,ciazzh
1.83235E+18,Sat Sep 07 11:01:42 +0000 2024,0,@tang__kira Gw Lihat Ini Langsung Marah Besar,1.83237E+18,,tang__kira,in,"Purwokerto Utara, Indonesia",0,0,0,https://x.com/Randomboy_2002/status/1832373674936062076,1.51409E+18,Randomboy_2002
1.83235E+18,Sat Sep 07 14:43:24 +0000 2024,0,@tang__kira PARAH BGT,1.83243E+18,,tang__kira,in,laut,0,0,0,https://x.com/ijomints/status/1832429466968338932,1.40761E+18,ijomints
1.83235E+18,Sat Sep 07 15:26:06 +0000 2024,0,@tang__kira iseng nyari dan beneran parah bgt,1.83244E+18,,tang__kira,in,97's üáµüá∏,0,0,0,https://x.com/monabaiik/status/1832440213710499976,1.75396E+18,monabaiik
1.83235E+18,Sat Sep 07 15:22:05 +0000 2024,1,@tang__kira MOM PLS PICK ME UP I'M SCARED,1.83244E+18,,tang__kira,en,,0,0,0,https://x.com/ursekencois/status/1832439202811933098,9.06257E+17,ursekencois
1.83235E+18,Sat Sep 07 15:22:17 +0000 2024,4,@tang__kira dunia ini beneran udah gila,1.83244E+18,,tang__kira,in,,0,0,0,https://x.com/kejepitmolen/status/1832439251335835901,40876168,kejepitmolen
1.83235E+18,Sat Sep 07 15:23:47 +0000 2024,0,@tang__kira kok polisi sana diem diem aja sih heran bgt dah,1.83244E+18,,tang__kira,in,,0,0,0,https://x.com/Unclemage1/status/1832439628017889625,1.69495E+18,Unclemage1
1.74469E+18,Tue Jan 09 16:09:10 +0000 2024,301,@MikaelDewabrata ini beneran udah ga ada sosok kredibel lagi sampe harus pake orang yang udah ga ada buat kampanye ato gimana sih?,1.74475E+18,,MikaelDewabrata,in,Indonesia,1,1,16,https://x.com/DesignRant2/status/1744753188421706121,1.33035E+18,DesignRant2
1.74469E+18,Tue Jan 09 12:11:18 +0000 2024,3,@MikaelDewabrata Serem pak. Orang udah meninggal dijadiin bahan politik gini. ,1.74469E+18,,MikaelDewabrata,in,,0,1,0,https://x.com/Bendata99/status/1744693326232821973,1.65471E+18,Bendata99
1.74469E+18,Tue Jan 09 12:24:12 +0000 2024,15,@MikaelDewabrata Kayanya pake meta headtalking ya. Tech Voice cloning blm support bhs indo but soon,1.7447E+18,,MikaelDewabrata,en,,0,1,0,https://x.com/gorizas/status/1744696574641615309,64127053,gorizas
1.74469E+18,Tue Jan 09 13:51:24 +0000 2024,44,@MikaelDewabrata Iya Mas. Di TikTok ada juga akun bahas sejarah tapi modelnya begini.,1.74472E+18,,MikaelDewabrata,in,127.0.0.1,0,2,0,https://x.com/almuhtadimd/status/1744718518401290554,17190268,almuhtadimd
1.74469E+18,Tue Jan 09 18:59:03 +0000 2024,3,@MikaelDewabrata Sumpah gw bukan anak 98 tapi ngeri ini.,1.7448E+18,,MikaelDewabrata,in,,0,0,0,https://x.com/prasetiandri/status/1744795938101874808,159928525,prasetiandri
1.74469E+18,Tue Jan 09 13:29:47 +0000 2024,19,@MikaelDewabrata @innercorn Dipake buat bikin docu drama keren sih atas seizin keluarga tentu saja ky waktu star wars rogue one tetiba muncul grand moff tarkin (peter cushing) https://t.co/YA2NuQiLHi,1.74471E+18,https://pbs.twimg.com/media/GDZ3TG0boAAM6QC.jpg,MikaelDewabrata,in,,0,2,0,https://x.com/PineksoRoyi1/status/1744713079429157201,9.86467E+17,PineksoRoyi1
1.74469E+18,Tue Jan 09 18:03:16 +0000 2024,3,@MikaelDewabrata Lewat di fyp mau upload tadinya sih tapi takut bangkit lagi,1.74478E+18,,MikaelDewabrata,in,Amegakure,0,0,0,https://x.com/Userword_/status/1744781900944916974,1.46274E+18,Userword_
1.74469E+18,Wed Jan 10 07:06:18 +0000 2024,2,@MikaelDewabrata Kulitnya terlalu halus dan nggak ada kedip sama sekali ,1.74498E+18,,MikaelDewabrata,in,Tangerang,0,0,0,https://x.com/donorys/status/1744978957689405566,77956142,donorys
1.74469E+18,Tue Jan 09 12:10:42 +0000 2024,1,@MikaelDewabrata Kalo ga di kontrol bisa bisa jadi jadi nih,1.74469E+18,,MikaelDewabrata,in,,0,0,0,https://x.com/Akukotaro/status/1744693175074386341,1.2227E+18,Akukotaro
1.74469E+18,Tue Jan 09 23:39:10 +0000 2024,0,@MikaelDewabrata Ga perlu ga butuh,1.74487E+18,,MikaelDewabrata,in,,0,0,0,https://x.com/bukananaksby/status/1744866434227032099,96351240,bukananaksby
1.74469E+18,Tue Jan 09 20:02:17 +0000 2024,0,@MikaelDewabrata Kalo sy malah heran kenapa serangan deepfake belum masif.,1.74481E+18,,MikaelDewabrata,in,,0,0,0,https://x.com/baekzzz/status/1744811851454836979,141679344,baekzzz
1.74469E+18,Wed Jan 10 02:42:31 +0000 2024,0,@MikaelDewabrata Gasss bikin AI Munir (alm),1.74491E+18,,MikaelDewabrata,in,"Gunung Kidul, Yogyakarta",0,0,0,https://x.com/Umellel_/status/1744912576277078268,1.29366E+18,Umellel_
1.74469E+18,Tue Jan 09 12:27:03 +0000 2024,1,@MikaelDewabrata dark,1.7447E+18,,MikaelDewabrata,en,,0,0,0,https://x.com/claritysparks/status/1744697289434972382,108912053,claritysparks
1.74469E+18,Wed Jan 10 03:36:35 +0000 2024,0,@MikaelDewabrata Bahaya nih,1.74493E+18,,MikaelDewabrata,in,"Los Angeles, CA",0,0,0,https://x.com/jevsmr/status/1744926180711780457,2692912717,jevsmr
1.74469E+18,Wed Jan 10 06:44:37 +0000 2024,0,@MikaelDewabrata Malah di iklan banyak pake suara artis terus potong video mereka jadi bahan iklan mereka bang. Parah emang mana lumayan mirip lagi hasilnya kecuali videonya rada aneh soalnya potongan,1.74497E+18,,MikaelDewabrata,in,,0,0,0,https://x.com/Gyr332/status/1744973503244509336,7.93824E+17,Gyr332
1.74469E+18,Wed Jan 10 02:00:58 +0000 2024,0,@MikaelDewabrata Idiihh @golkar_id,1.7449E+18,,MikaelDewabrata,in,terasering panyaweuyan,0,0,0,https://x.com/garmalengka/status/1744902118350475453,8.04933E+17,garmalengka
1.74469E+18,Tue Jan 09 19:03:17 +0000 2024,0,@MikaelDewabrata Ganti besok Soekarno,1.7448E+18,,MikaelDewabrata,in,,0,0,0,https://x.com/syaif38/status/1744797007464792558,2576858468,syaif38
1.74469E+18,Wed Jan 10 01:57:34 +0000 2024,0,@MikaelDewabrata Kasian orang2 yang gak tau,1.7449E+18,,MikaelDewabrata,in,,0,0,0,https://x.com/Owji168/status/1744901264968999179,1.16898E+18,Owji168
1.74469E+18,Wed Jan 10 05:48:33 +0000 2024,0,@MikaelDewabrata Orochimaru,1.74496E+18,,MikaelDewabrata,in,Indonesia,0,0,0,https://x.com/ryobajuri/status/1744959390783009240,587352155,ryobajuri
1.74469E+18,Wed Jan 10 04:09:12 +0000 2024,0,@MikaelDewabrata Sayang banget dipakenya gini. Padahal banyak yg lebih bermanfaat buat kehidupan sehari-hari,1.74493E+18,,MikaelDewabrata,in,Anywhere you want :p ,0,0,0,https://x.com/RIPulala/status/1744934389904252945,168635522,RIPulala
1.74469E+18,Tue Jan 09 12:19:20 +0000 2024,13,@MikaelDewabrata I think AI has the potential to create infinitely stable dictatorships - Ilya Sutskever,1.7447E+18,,MikaelDewabrata,en,,0,0,0,https://x.com/koboinyalse/status/1744695348206199199,1.62012E+18,koboinyalse
1.74469E+18,Tue Jan 09 14:06:10 +0000 2024,1,@MikaelDewabrata gas bang,1.74472E+18,,MikaelDewabrata,in,,0,0,0,https://x.com/awaaanputih/status/1744722233032147175,1.6204E+18,awaaanputih
1.74469E+18,Tue Jan 09 16:54:53 +0000 2024,2,@MikaelDewabrata Pejabrut: santai dulu gak sih? 8 bulan kemudian ngeluarin peraturan ambigu tntg ai yang banyak banget celahnya,1.74476E+18,,MikaelDewabrata,in,,0,0,0,https://x.com/zuidprinsen/status/1744764692575424798,1.59197E+18,zuidprinsen
1.74469E+18,Tue Jan 09 19:24:41 +0000 2024,0,@MikaelDewabrata Astagfirullah,1.7448E+18,,MikaelDewabrata,in,,0,0,0,https://x.com/Bimakasa_Albara/status/1744802389637619945,1.68241E+18,Bimakasa_Albara
1.74469E+18,Wed Jan 10 02:35:39 +0000 2024,1,@MikaelDewabrata edan siahh vibesnya ngeri2 sedap,1.74491E+18,,MikaelDewabrata,in,ÏïåÎ†§ÏßÄÏßÄ ÏïäÏùÄ,0,0,0,https://x.com/j4yjo/status/1744910845451419774,1.67334E+18,j4yjo
1.74469E+18,Wed Jan 10 03:47:50 +0000 2024,0,@MikaelDewabrata Makin yakin gak bakal gw pilih serem coooy,1.74493E+18,,MikaelDewabrata,in,Center of Earth's üåé,0,0,0,https://x.com/Why_Sudrajad/status/1744929010797469772,1.61464E+18,Why_Sudrajad
1.74469E+18,Wed Jan 10 08:16:49 +0000 2024,2,@MikaelDewabrata Seharusnya penggunaan ai dikampanye politik dilarang,1.745E+18,,MikaelDewabrata,in,,0,0,0,https://x.com/rgkkesalahan/status/1744996705320489108,1.72934E+18,rgkkesalahan
1.74469E+18,Wed Jan 10 10:22:40 +0000 2024,0,@MikaelDewabrata sebegitunya yak,1.74503E+18,,MikaelDewabrata,in,"Jakarta Pusat, DKI Jakarta",0,0,0,https://x.com/setimlucu/status/1745028376363249759,1.64633E+18,setimlucu
1.74469E+18,Wed Jan 10 10:49:14 +0000 2024,0,@MikaelDewabrata Viral bos banyak yg ngutip/post ulang,1.74504E+18,,MikaelDewabrata,in,Padang,0,0,0,https://x.com/Elvandino3/status/1745035063488860304,1.68381E+18,Elvandino3
1.74469E+18,Tue Jan 09 13:15:30 +0000 2024,6,@MikaelDewabrata Ad g sih peofesi kayak ai ethicist gt? Tp y percuma sih kalau g ada aturan normatifnya,1.74471E+18,,MikaelDewabrata,in,Indonesia,0,1,0,https://x.com/kabarambar/status/1744709482461172172,1.57102E+18,kabarambar
1.74469E+18,Wed Jan 10 09:42:01 +0000 2024,0,@MikaelDewabrata Untuk saat ini at least bisa kena uu ite gak sih?,1.74502E+18,,MikaelDewabrata,in,,0,0,0,https://x.com/diptherium/status/1745018147005231460,1.46324E+18,diptherium
1.74469E+18,Tue Jan 09 13:59:18 +0000 2024,4,@MikaelDewabrata Berani sekali ya Golkar buat ini. Apakah sebentar lagi akan keluar versi Bung Karno? versi Gus Dur?,1.74472E+18,,MikaelDewabrata,in,Indonesia,0,1,0,https://x.com/ekawicaksana/status/1744720503888396730,195743412,ekawicaksana
1.74469E+18,Wed Jan 10 06:20:42 +0000 2024,2,@MikaelDewabrata Jngn sampe ke grup WA bapack¬≤ dan bu ibu deh ‚ÄçÔ∏è,1.74497E+18,,MikaelDewabrata,in,"Tangerang, Banten",0,0,0,https://x.com/tommyAjahh/status/1744967481905865213,1.35403E+18,tommyAjahh
1.74469E+18,Wed Jan 10 02:04:17 +0000 2024,0,@MikaelDewabrata woy ngeri banget,1.7449E+18,,MikaelDewabrata,in,rpf-mdni,0,0,0,https://x.com/theceruleann/status/1744902952291271130,1.3648E+18,theceruleann
1.74469E+18,Wed Jan 10 05:25:09 +0000 2024,4,@MikaelDewabrata Pernah dibahas mengenai Deepfake di sini mas: https://t.co/hSkjl9SmVm,1.74495E+18,,MikaelDewabrata,in,Jakarta,0,0,1,https://x.com/pacmannai/status/1744953504312258974,8.24985E+17,pacmannai
1.74469E+18,Tue Jan 09 12:30:33 +0000 2024,1,@MikaelDewabrata harus sering-sering digaungkan. supaya pembuat kebijakan lebih sadar soal AI ini.,1.7447E+18,,MikaelDewabrata,in,IndonesiaÔºà„Ç§„É≥„Éâ„Éç„Ç∑„Ç¢Ôºâ,0,0,0,https://x.com/fajrian_23/status/1744698170184220871,128964855,fajrian_23
1.74469E+18,Tue Jan 09 15:46:45 +0000 2024,3,@MikaelDewabrata Ditunggu bang banyak yang belum tau ataupun aware sama penggunaan AI buat agenda propaganda politik.,1.74475E+18,,MikaelDewabrata,in,,0,2,0,https://x.com/dauunpintuu/status/1744747547791655333,1.69085E+18,dauunpintuu
1.74469E+18,Wed Jan 10 00:41:37 +0000 2024,1,@MikaelDewabrata menurut saya edukasi paling efektif ya flood internet/grup whatsapp keluarga dgn AI generated video kayak gini tp konteksnya bercanda (misal: Pak Harto dibikin ngomong suka blackpink) jd org2 tau kalo video2 gini ga 100% kredibel,1.74488E+18,,MikaelDewabrata,in,,0,1,0,https://x.com/candra_dev1/status/1744882149545984510,1.31146E+18,candra_dev1
1.75799E+18,Thu Feb 15 13:53:19 +0000 2024,1,@Seweratatata njing ,1.75813E+18,,Seweratatata,no,,0,0,0,https://x.com/toyotasvpra/status/1758127351542812795,1.48514E+18,toyotasvpra
1.75799E+18,Thu Feb 15 10:44:52 +0000 2024,0,@Seweratatata BANGSATTTTTT,1.75808E+18,,Seweratatata,in,,0,0,0,https://x.com/clumsiestpin/status/1758079925029064721,1.58008E+18,clumsiestpin
1.75799E+18,Thu Feb 15 08:21:33 +0000 2024,0,@Seweratatata So basically Michael Yo. https://t.co/01YI40ytOh,1.75804E+18,https://pbs.twimg.com/media/GGXTktOaQAAy-Xh.jpg,Seweratatata,en,,0,0,0,https://x.com/footycinephile/status/1758043859991597279,194930736,footycinephile
1.75799E+18,Thu Feb 15 09:36:00 +0000 2024,2,@Seweratatata NAURRRR NOW WE HAVE THE LOCAL WHITE OR YELLOW EDITOR GUY,1.75806E+18,,Seweratatata,en,,0,0,0,https://x.com/cilornotcrime/status/1758062593183551919,1.00786E+18,cilornotcrime
1.75799E+18,Thu Feb 15 10:44:29 +0000 2024,0,@Seweratatata MOTHERFUCKER ,1.75808E+18,,Seweratatata,en,genderfluid. he/him. 22.,0,0,0,https://x.com/lyeney/status/1758079828732125452,1.12706E+18,lyeney
1.75799E+18,Thu Feb 15 23:14:14 +0000 2024,1,@Seweratatata https://t.co/uEMd6yxMe9,1.75827E+18,https://pbs.twimg.com/media/GGaf5KNWAAAnOLf.jpg,Seweratatata,qme,Brazil,0,0,0,https://x.com/tomaysyah/status/1758268511959327160,62817858,tomaysyah
1.75799E+18,Fri Feb 16 00:35:36 +0000 2024,0,@Seweratatata Nitip bos ku siapa tahu ada yg disinih ... @Seweratatata https://t.co/CTXdncbVkM,1.75829E+18,https://pbs.twimg.com/media/GGaygoDbQAAzmjd.jpg,Seweratatata,in,,0,0,0,https://x.com/clawhs02/status/1758288985712214276,1.50998E+18,clawhs02
1.75799E+18,Thu Feb 15 11:12:43 +0000 2024,0,@Seweratatata https://t.co/xiHArsVeyr,1.75809E+18,https://pbs.twimg.com/media/GGX6vWMaQAAz7S4.jpg,Seweratatata,qme,Sungai Agusen,0,0,0,https://x.com/FujinoFujino24/status/1758086933421621346,1.50487E+18,FujinoFujino24
1.75799E+18,Thu Feb 15 07:03:31 +0000 2024,1,@Seweratatata NOOOOOOOOO https://t.co/QAYaxMGC10,1.75802E+18,https://pbs.twimg.com/tweet_video_thumb/GGXBtJYa4AA6yZW.jpg,Seweratatata,und,he / him not a minor,0,0,0,https://x.com/tylerdurddn/status/1758024222360883671,1.35256E+18,tylerdurddn
1.75799E+18,Thu Feb 15 11:58:04 +0000 2024,0,@Seweratatata @VLONEPREDATOR,1.7581E+18,,Seweratatata,qam,,0,0,0,https://x.com/Ziiifauzi/status/1758098345313349808,8.67738E+17,Ziiifauzi
1.75799E+18,Thu Feb 15 08:01:39 +0000 2024,50,@Seweratatata https://t.co/UNH51lDWOR,1.75804E+18,https://pbs.twimg.com/media/GGXPBL6bEAAfyM5.jpg,Seweratatata,qme,,0,0,2,https://x.com/absxoluteking/status/1758038851669659910,1.12534E+18,absxoluteking
1.75799E+18,Thu Feb 15 15:30:25 +0000 2024,0,@Seweratatata @mois2re,1.75815E+18,,Seweratatata,qam,,0,0,0,https://x.com/foftheyear/status/1758151786010194108,1.56059E+18,foftheyear
1.75799E+18,Thu Feb 15 08:05:35 +0000 2024,1,@Seweratatata ANJINGGGGGG HAHAHHAHAHAHAHHAHA,1.75804E+18,,Seweratatata,tl,"Canberra, Australian Capital T",0,0,0,https://x.com/nushakann/status/1758039840564838587,3234991788,nushakann
1.75799E+18,Thu Feb 15 12:15:51 +0000 2024,0,@Seweratatata Pilgrimisasi 02,1.7581E+18,,Seweratatata,lv,,0,0,0,https://x.com/ExtortAddict/status/1758102823160692818,1.24465E+18,ExtortAddict
1.75799E+18,Thu Feb 15 10:52:07 +0000 2024,2,@Seweratatata https://t.co/pHzaETFSSM,1.75808E+18,https://pbs.twimg.com/media/GGX2B3bbsAAKaUJ.jpg,Seweratatata,qme,"Rawa rontek ,Pentagon, USA",0,0,0,https://x.com/poIisimoral/status/1758081750650282462,1950344581,poIisimoral
1.75799E+18,Thu Feb 15 15:41:07 +0000 2024,0,@Seweratatata thats not black that just jawir.,1.75815E+18,,Seweratatata,en,Pinggiran Ibukota,0,0,0,https://x.com/sendalterrbang/status/1758154480879796229,627347024,sendalterrbang
1.75799E+18,Thu Feb 15 18:11:23 +0000 2024,1,@Seweratatata yang kiri mirip no punggung 12,1.75819E+18,,Seweratatata,in,,0,0,0,https://x.com/multiveirse/status/1758192295592280075,1.53959E+18,multiveirse
1.75799E+18,Thu Feb 15 06:07:28 +0000 2024,0,@Seweratatata the black one kinda looks like native american ‚ÄçÔ∏è,1.75801E+18,,Seweratatata,en,,0,1,0,https://x.com/luutetiuum/status/1758010115704422517,1.16417E+18,luutetiuum
1.75799E+18,Fri Feb 16 01:11:53 +0000 2024,1,@Seweratatata omg he looks terrifying in both,1.7583E+18,,Seweratatata,en,"North Carolina, USA",0,0,0,https://x.com/eavaluasi/status/1758298119207522416,1.47681E+18,eavaluasi
1.75799E+18,Thu Feb 15 12:42:23 +0000 2024,14,@Seweratatata apanya yg black anjir malah jadi kayak orang cilacap,1.75811E+18,,Seweratatata,in,he/him.,2,1,0,https://x.com/iamoneofwan/status/1758109500656242809,1.29047E+18,iamoneofwan
1.75799E+18,Fri Feb 16 02:03:46 +0000 2024,1,@Seweratatata What does this gotta add to ,1.75831E+18,,Seweratatata,en,"Yogyakarta, Indonesia",0,0,0,https://x.com/alexpr4tt/status/1758311174398189651,1.69902E+18,alexpr4tt
1.75799E+18,Thu Feb 15 17:10:17 +0000 2024,1,@Seweratatata White prabowo lowkey pinoy coded likeee ang pogi niya talaga teh!!!!,1.75818E+18,,Seweratatata,tl,,0,0,0,https://x.com/realzizek/status/1758176918829170956,4656639674,realzizek
1.75799E+18,Thu Feb 15 13:53:40 +0000 2024,1,@Seweratatata Yang kanan ngapa kek keanu,1.75813E+18,,Seweratatata,in,,0,0,0,https://x.com/siipisiii/status/1758127438402588987,3194052865,siipisiii
1.75799E+18,Thu Feb 15 04:42:17 +0000 2024,1,@Seweratatata NOT,1.75799E+18,,Seweratatata,und," ü·¥á…¢·¥Ä ü, Íú± ú·¥á/ ú·¥á Ä.",0,0,0,https://x.com/melodiovs/status/1757988678633488530,1.7106E+18,melodiovs
1.75799E+18,Thu Feb 15 11:11:35 +0000 2024,1,@Seweratatata HAHAHAHAHA AKHIRNYA ADA JUGA YANG BEGINIAN,1.75809E+18,,Seweratatata,in,,0,0,0,https://x.com/skweedwat/status/1758086649702220192,1.24489E+18,skweedwat
1.75799E+18,Thu Feb 15 10:12:53 +0000 2024,1,@Seweratatata bruuh ,1.75807E+18,,Seweratatata,in,he/him,0,0,0,https://x.com/ivorynotlegal/status/1758071877975920960,3133812037,ivorynotlegal
1.75799E+18,Thu Feb 15 05:59:53 +0000 2024,1,@Seweratatata Excellent,1.75801E+18,,Seweratatata,fr,,0,0,0,https://x.com/mercbrah/status/1758008207900066160,2418597883,mercbrah
1.75799E+18,Thu Feb 15 07:42:26 +0000 2024,1,@Seweratatata HELP WHat,1.75803E+18,,Seweratatata,en,ur mom || he/him,0,0,0,https://x.com/depressricky_/status/1758034013560897972,1.55147E+18,depressricky_
1.75799E+18,Thu Feb 15 06:48:00 +0000 2024,0,@Seweratatata ,1.75802E+18,,Seweratatata,qme,,0,0,0,https://x.com/al1enx0/status/1758020315702305100,8.56373E+17,al1enx0
1.75799E+18,Thu Feb 15 05:24:22 +0000 2024,0,@Seweratatata HELP THEY GOT HIM,1.758E+18,,Seweratatata,en,psych ward,0,0,0,https://x.com/chususnja/status/1757999268709961852,1.61584E+18,chususnja
1.75799E+18,Thu Feb 15 08:10:41 +0000 2024,0,@Seweratatata Akun ini bakal hujan sih wkwkwwk Lihat ni kelakuannya https://t.co/QPHMVNKD0e,1.75804E+18,,Seweratatata,in,,0,0,0,https://x.com/eddy_farznn/status/1758041122247766520,1.74926E+18,eddy_farznn
1.75799E+18,Thu Feb 15 13:00:10 +0000 2024,0,@Seweratatata Caucasian prabowo muka nya kek Tommy suharto.,1.75811E+18,,Seweratatata,in,"Philadelphia, northern ciputat",0,0,0,https://x.com/3oppsstare/status/1758113974657376358,1.67276E+18,3oppsstare
1.75799E+18,Thu Feb 15 13:06:29 +0000 2024,0,@Seweratatata i- https://t.co/DgvD1uKV0J,1.75812E+18,https://pbs.twimg.com/tweet_video_thumb/GGYUx6zbMAAhHj7.jpg,Seweratatata,und,T4T3,0,0,0,https://x.com/xndrshr/status/1758115565376618814,1.63928E+18,xndrshr
1.75799E+18,Thu Feb 15 13:55:22 +0000 2024,0,@Seweratatata It's kinda racists,1.75813E+18,,Seweratatata,en,,0,0,0,https://x.com/YESTARGAZING/status/1758127867345670319,1.3109E+18,YESTARGAZING
1.75799E+18,Thu Feb 15 14:42:58 +0000 2024,0,@Seweratatata bro is NOT @VLONEPREDATOR ,1.75814E+18,,Seweratatata,en,IDN/ENG,0,0,0,https://x.com/fentnip/status/1758139844822532521,1.63384E+18,fentnip
1.75799E+18,Fri Feb 16 01:21:08 +0000 2024,0,@Seweratatata Mirip Fico,1.7583E+18,,Seweratatata,es,"Yogyakarta, Indonesia",0,0,0,https://x.com/AlvChrist/status/1758300444412235969,403338853,AlvChrist
1.75799E+18,Thu Feb 15 11:56:10 +0000 2024,0,@Seweratatata Inimah kelakuan si Pilgrim,1.7581E+18,,Seweratatata,in,"Loveland, CO",0,0,0,https://x.com/rozegems/status/1758097868278353922,9.27478E+17,rozegems
1.75799E+18,Thu Feb 15 07:38:15 +0000 2024,0,@Seweratatata More like if he was NTT and palembang for me ,1.75803E+18,,Seweratatata,en,,0,0,0,https://x.com/nabiplankton/status/1758032961159746000,2377841136,nabiplankton
1.75799E+18,Thu Feb 15 21:41:12 +0000 2024,0,@Seweratatata LMAOAOAOAOAOOOOO,1.75825E+18,,Seweratatata,et,,0,0,0,https://x.com/fiqtionary/status/1758245098398392382,1.54636E+18,fiqtionary
1.75799E+18,Thu Feb 15 07:18:52 +0000 2024,0,@Seweratatata what s with the racial profile changes? ,1.75803E+18,,Seweratatata,en,Jkt,0,0,0,https://x.com/c0gil/status/1758028085151347179,1.60959E+18,c0gil
1.75799E+18,Thu Feb 15 07:08:50 +0000 2024,0,@Seweratatata Both look chinese,1.75803E+18,,Seweratatata,en,,0,0,0,https://x.com/school_scooters/status/1758025559878283272,7.67664E+17,school_scooters
1.75799E+18,Thu Feb 15 07:03:15 +0000 2024,0,@Seweratatata WOY,1.75802E+18,,Seweratatata,und,indonesia ,0,0,0,https://x.com/hibud1n/status/1758024152223764551,1.22292E+18,hibud1n
1.75799E+18,Thu Feb 15 04:42:54 +0000 2024,1,@Seweratatata HAHAHAHH not this joke again,1.75799E+18,,Seweratatata,en,,0,0,0,https://x.com/zourdic/status/1757988835622015360,1.59285E+18,zourdic
1.75799E+18,Thu Feb 15 04:42:28 +0000 2024,1,@Seweratatata AHAHAGAHAHHAHAGS BGSD ,1.75799E+18,,Seweratatata,tl,,0,0,0,https://x.com/deemscoupss/status/1757988726431764814,1.27271E+18,deemscoupss
1.75799E+18,Thu Feb 15 05:49:32 +0000 2024,0,@Seweratatata random bet jir,1.75801E+18,,Seweratatata,in,,0,0,0,https://x.com/holymolyteodt/status/1758005603132461343,1.67774E+18,holymolyteodt
1.75799E+18,Thu Feb 15 05:58:33 +0000 2024,0,@Seweratatata https://t.co/EeNYo2bzA5,1.75801E+18,https://pbs.twimg.com/media/GGWy10sakAA1xFc.jpg,Seweratatata,qme,,0,0,0,https://x.com/back2dust2/status/1758007869738508361,1.06199E+18,back2dust2
1544911707654406144,Fri Jul 08 16:26:32 +0000 2022,7,Abu Janda sebut potongan video Anies soal ACT itu hanya lucu-lucuan. https://t.co/4EFcx6eD41 @aniesbaswedan @permadiaktivis1,1545444232495632384,,republikaonline,in,"Jakarta, Indonesia",0,3,1,https://x.com/republikaonline/status/1545444232495632384,22126902,republikaonline
1544911707654406144,Thu Jul 07 07:27:00 +0000 2022,0,@republikaonline Maju terus Anies,1544946066004463617,,republikaonline,lv,Sumbawa,0,0,0,https://x.com/m_atarashi/status/1544946066004463617,1431952477,m_atarashi
1544911707654406144,Fri Jul 08 05:42:04 +0000 2022,0,@republikaonline #TangkapAbuJanda,1545282044640755712,,republikaonline,qme,"Depok, Indonesia",0,0,0,https://x.com/Maryantoputra69/status/1545282044640755712,1279421717841014784,Maryantoputra69
1544911707654406144,Fri Jul 08 21:38:39 +0000 2022,1,@republikaonline Tegakkan Hukum dengan adil. Bukan untuk kepentingan dan kepuasan ku tetapi untuk kebesaran Bangsa Indonesia. Salam Indonesia Jaya,1545522779302244353,,republikaonline,in,"Kota Jogja,DIY,Indonesia",0,0,0,https://x.com/herry_zudianto/status/1545522779302244353,170171658,herry_zudianto
1544911707654406144,Thu Jul 07 07:51:51 +0000 2022,0,@republikaonline Tangkap dan hukum semua yang dengan sengaja menyebarkan hoax/ berita bohong!,1544952318524661760,,republikaonline,in,"DKI Jakarta, Indonesia",0,0,0,https://x.com/rohanbey_reborn/status/1544952318524661760,819391052356284416,rohanbey_reborn
1544911707654406144,Thu Jul 07 12:41:24 +0000 2022,0,@republikaonline Kayanya percuma laporin dia mah ga bakal dibtangkap,1545025188021952517,,republikaonline,in,,0,0,0,https://x.com/SanexAl/status/1545025188021952517,273242219,SanexAl
1544911707654406144,Thu Jul 07 09:16:09 +0000 2022,0,@republikaonline Wahh si abu bangsat al tololi kembali berulah. ,1544973535004598272,,republikaonline,in,,0,0,0,https://x.com/hsymhsby/status/1544973535004598272,1265136330339545090,hsymhsby
1544911707654406144,Thu Jul 07 06:40:00 +0000 2022,0,@republikaonline ya seperti ini semakin berani. Perlu tegas menghadapi orang seperti ini!,1544934236716937218,,republikaonline,in,"Batam, Indonesia",0,0,0,https://x.com/BatamWish/status/1544934236716937218,272310510,BatamWish
1544911707654406144,Thu Jul 07 05:50:55 +0000 2022,2,@republikaonline Harus di penjarakan ini,1544921887469613057,,republikaonline,in,"Samarinda-Tarakan, Kaltimtara",0,0,1,https://x.com/IqroIqro/status/1544921887469613057,532897149,IqroIqro
1544911707654406144,Fri Jul 08 08:03:57 +0000 2022,0,@republikaonline S√®r√®t dan Adili jangan sampai pengadilan jalanan yg terjadi.,1545317754483269632,,republikaonline,in,Bumi Ranggalawe.,0,0,0,https://x.com/shofirinzizi/status/1545317754483269632,1092706572629794818,shofirinzizi
1544911707654406144,Fri Jul 08 18:45:27 +0000 2022,0,@republikaonline @ZepSmd Habisi aja,1545479190085980160,,republikaonline,in,,0,0,0,https://x.com/KangEntis31/status/1545479190085980160,1455877258212564998,KangEntis31
1544911707654406144,Fri Jul 08 18:49:14 +0000 2022,0,@republikaonline Habisi aja nih org dijalan,1545480143837151232,,republikaonline,in,,0,0,0,https://x.com/KangEntis31/status/1545480143837151232,1455877258212564998,KangEntis31
1544911707654406144,Fri Jul 08 09:49:43 +0000 2022,0,@republikaonline Abu janda mmg biadab. Tapi hebatnya. Dia kebal hukum. Apakah nggak takut tiba2 mati?,1545344367862304771,,republikaonline,in,,0,0,0,https://x.com/nurwiyati_siti/status/1545344367862304771,1275058803625484293,nurwiyati_siti
1544911707654406144,Sat Jul 09 02:48:17 +0000 2022,0,@republikaonline Adu argumen https://t.co/HDanZWsLPG,1545600699169353729,,republikaonline,eu,,0,0,0,https://x.com/andre60732246/status/1545600699169353729,2599011589,andre60732246
1544911707654406144,Sat Jul 09 07:45:05 +0000 2022,0,@republikaonline Dukung 100% laporkan Abu Janda. Atau main halus aja sekalian.,1545675391838601216,,republikaonline,in,,0,0,0,https://x.com/Uvhie6/status/1545675391838601216,1221292279,Uvhie6
1544911707654406144,Thu Jul 07 05:32:06 +0000 2022,26,@republikaonline @yusfi5150 Cari si bangsat abu gosok Pnyebar fitnah jangan dibiarkan.,1544917151743557632,,republikaonline,in,"Rotterdam, The Netherlands",0,0,1,https://x.com/MahaD3w4/status/1544917151743557632,1065968307331719168,MahaD3w4
1544911707654406144,Thu Jul 07 07:50:26 +0000 2022,0,@republikaonline Abu janda mah ketawa2 aja dia krn siapapun n sbnyak apa pun yg lapor g bakalan ada tndak lanjut dr penegak hukum. Maka tepat pula Pak Anies tdk merespon krn beliau tau g bkl di gubris ma p....i,1544951962726453250,,republikaonline,in,,0,1,0,https://x.com/Bulls23190387/status/1544951962726453250,1527591484840882176,Bulls23190387
1544911707654406144,Thu Jul 07 07:57:46 +0000 2022,41,@republikaonline Akankah ada masanya dimana hukum di negara kesatuan Republik Indonesia ini benar2 ditegakkan dgn adil? Kapan? https://t.co/RbpEAyKrXQ #KamiPercayaACT,1544953810594181120,,republikaonline,in,,0,1,9,https://x.com/Warmuna3/status/1544953810594181120,1481989675082711041,Warmuna3
1544911707654406144,Thu Jul 07 06:03:01 +0000 2022,18,@republikaonline Ngeri kan maenan mereka video aja bisa di edit apalagi chat whatsapp ngeri temen nya intelejen bro dia nya mah bloon,1544924929161711616,,republikaonline,in,Indonesia,0,2,1,https://x.com/milanrosada/status/1544924929161711616,963720063575408641,milanrosada
1544911707654406144,Thu Jul 07 23:18:17 +0000 2022,0,@republikaonline Semua sama di mata hukum kecuali buzzer peliharaan,1545185466236178432,,republikaonline,in,B√úIT√âNZ√ñRG,0,0,0,https://x.com/yusufyudaka/status/1545185466236178432,2202937237,yusufyudaka
1544911707654406144,Thu Jul 07 17:36:22 +0000 2022,0,@republikaonline Aku muak liat muka orang ini mungkin ini salah satu pengikut dajjal. Jujur kita lepas deh siapa yang bakal kita dukung di Pilres. Ini orang suka dan sering membuat kegaduhan dan bodoh juga.,1545099418986115072,,republikaonline,in,"Kota Pasuruan, Jawa Timur",0,0,0,https://x.com/Bustommy77/status/1545099418986115072,3116691116,Bustommy77
1544911707654406144,Fri Jul 08 23:29:51 +0000 2022,0,@republikaonline @SaveMyVideo,1545550760980541440,,republikaonline,qam,,0,0,0,https://x.com/Barrie36662701/status/1545550760980541440,1243885696034603010,Barrie36662701
1544911707654406144,Thu Jul 07 17:32:16 +0000 2022,0,@republikaonline Cuma cebong pekok yg percaya abu janda anjing,1545098385505456128,,republikaonline,in,Keraton Mataram,0,0,0,https://x.com/SultanAgungAKO/status/1545098385505456128,1455535073214730247,SultanAgungAKO
1544911707654406144,Fri Jul 08 06:25:40 +0000 2022,0,@republikaonline jngnkan nyebar hoax..kepadapak anis.. ngelecehin islam aza gk diproses..entah apa..ini orang kebal hukum..kaya abu dajjal,1545293020576169984,,republikaonline,in,,0,0,0,https://x.com/WaeEntin/status/1545293020576169984,1506439204385210370,WaeEntin
1544911707654406144,Thu Jul 07 18:53:33 +0000 2022,0,@republikaonline Dilaporkan berkali2 juga percuma gak ada tindak lanjut dari Polri.,1545118843370029061,,republikaonline,in,Jakarta,0,0,0,https://x.com/DImmortha/status/1545118843370029061,1383835282462576646,DImmortha
1544911707654406144,Thu Jul 07 23:48:51 +0000 2022,0,@republikaonline saya bukan pendukung anies tapi.. TANGKAP DAN PENJARAKAN ABU JANDA.. cara2 kotor menjijikan tidak sesuai dengan NKRI,1545193157755039744,,republikaonline,in,,0,0,0,https://x.com/gonks7/status/1545193157755039744,1208901531031855104,gonks7
1544911707654406144,Thu Jul 07 06:28:44 +0000 2022,13,@republikaonline video ini sudah nggak bisa ditolerir. berdalih hanya parodi ya parodi penuh fitnah tak ada nilai seninya sama sekali. Ini produk dari seorang berhati hitam dan bermuka tebal Apakah negara melindungi seorang tukang fitnah????,1544931401468100608,,republikaonline,in,,0,1,1,https://x.com/AdiAdimsamin/status/1544931401468100608,3793530314,AdiAdimsamin
1544911707654406144,Thu Jul 07 09:57:33 +0000 2022,5,@republikaonline Ini sdh keterlaluan setelah menghina ustd adi hidayat kali ini pak anies tg jadi sasaran pak @ListyoSigitP apakh org yg berpotensi membuat ke onaran ini akan terus bs berleha2 sprti ini? Innalillah ,1544983954188795904,,republikaonline,in,"Makasar, Indonesia",0,0,0,https://x.com/psmnewsid/status/1544983954188795904,799155981280231424,psmnewsid
1544911707654406144,Thu Jul 07 09:52:27 +0000 2022,0,@republikaonline Abu Jande itu orang dungu ya gitu...ngasal aje...,1544982669666430976,,republikaonline,in,GORONG GORONG,0,0,0,https://x.com/MRONGOSASLI/status/1544982669666430976,1544970405366009856,MRONGOSASLI
1544911707654406144,Thu Jul 07 09:26:37 +0000 2022,0,@republikaonline HAHAHAHAHAHAHAHAHAHAHAHAHAHAHA,1544976170021974016,,republikaonline,tl,"Jakarta Timur, DKI Jakarta",0,0,0,https://x.com/gagahdilinger/status/1544976170021974016,72504904,gagahdilinger
1544911707654406144,Thu Jul 07 15:26:31 +0000 2022,0,@republikaonline Mana bs d tangkep. Kan piaraan mukidi. Aman,1545066739293376512,,republikaonline,in,Didalam otak plangak plongok,0,0,0,https://x.com/john_wick1977/status/1545066739293376512,76967182,john_wick1977
1544911707654406144,Thu Jul 07 11:59:06 +0000 2022,0,@republikaonline Plis tangkep pliss,1545014542761328641,,republikaonline,in,Jakarta - Jatinangor,0,0,0,https://x.com/GulamArc_/status/1545014542761328641,921160063,GulamArc_
1544911707654406144,Thu Jul 07 08:18:19 +0000 2022,0,@republikaonline Gwrombolan kodok cari makan dengan hoax,1544958979138207744,,republikaonline,in,,0,0,0,https://x.com/Hakanerdogan022/status/1544958979138207744,1541323744676786176,Hakanerdogan022
1544911707654406144,Thu Jul 07 14:16:35 +0000 2022,0,@republikaonline #TangkapAbuJanda,1545049138944827396,,republikaonline,qme,"DKI Jakarta, Indonesia",0,0,0,https://x.com/RusliyaU/status/1545049138944827396,1330147212047904769,RusliyaU
1544911707654406144,Thu Jul 07 12:02:55 +0000 2022,0,@republikaonline Nnti juga dia kena getahnya mungkin dia lolos dri jerat hukum manusia tapi hukum alamlah yg akan menghukumnya,1545015500933136384,,republikaonline,in,,0,0,0,https://x.com/Ahmadfuadie2/status/1545015500933136384,818873665894891524,Ahmadfuadie2
1544911707654406144,Thu Jul 07 12:39:43 +0000 2022,0,@republikaonline Cangkeme abu janda nuk rung sumpeli lemah isih mitnah terus.,1545024763206455297,,republikaonline,in,,0,0,0,https://x.com/Narta38254661/status/1545024763206455297,856659902420340736,Narta38254661
1544911707654406144,Thu Jul 07 13:05:15 +0000 2022,0,@republikaonline Hehehe. Intelijen him.,1545031189316214784,,republikaonline,in,jakarta,0,0,0,https://x.com/tonisummerbee/status/1545031189316214784,159904235,tonisummerbee
1544911707654406144,Thu Jul 07 11:13:36 +0000 2022,0,@republikaonline Tangkap abu janda sesuai UU ITE jgn tebang pilih agar rezim ini bersih ketika masa jabatanny nnti habis ,1545003090461331456,,republikaonline,in,"surabaya, indonesia",0,0,0,https://x.com/Mufais/status/1545003090461331456,111779097,Mufais
1544911707654406144,Thu Jul 07 12:23:43 +0000 2022,1,@republikaonline dimulai dari berhenti menyebutkan nama Abu janda mulai lah menyebutkan nama aslinya berhenti lah menyebutkan aktivis media sosial sebutkan lah pekerjaan asli... Media seperti @republikaonline lah yang diperlukan untuk mencerdaskan kehidupan bangsa,1545020736720769026,,republikaonline,in,the fox city,1,0,0,https://x.com/dahbhujug/status/1545020736720769026,1280855023,dahbhujug
1544911707654406144,Thu Jul 07 05:13:14 +0000 2022,5,@republikaonline Tangkap,1544912401069658112,,republikaonline,in,,0,2,0,https://x.com/R1030Un/status/1544912401069658112,1415878617620389891,R1030Un
1544911707654406144,Thu Jul 07 09:41:31 +0000 2022,8,@republikaonline Santai aja kitaaaa Yakinlah satu saat yang maha penguasa akan menggantikan segalanya dan meng karmakan aparat dzolim beserta pendukungnya.,1544979917867462658,,republikaonline,in,"Kalimantan Selatan, Indonesia",0,0,0,https://x.com/Amangbupati/status/1544979917867462658,872086219219390464,Amangbupati
1544911707654406144,Thu Jul 07 05:25:16 +0000 2022,0,@republikaonline Kenapa Buzzer tukang hoax seperti abu janda ini gak pernah diproses hukum?,1544915429235507200,,republikaonline,in,,0,1,1,https://x.com/duyasurfer/status/1544915429235507200,306615832,duyasurfer
1544911707654406144,Thu Jul 07 09:15:06 +0000 2022,1,@republikaonline Sepertinya kalau nyawa belum meregang di tenggorokan abu janda nggak akan berhenti memfitnah orang lain termasuk berseteru dengan siapa saja yang merasa jadi rivalnya dia.dasar buzzer cari makan kok dengan cara tidak halal,1544973270294097920,,republikaonline,in,,0,0,0,https://x.com/anirohayano701/status/1544973270294097920,1483408716364148738,anirohayano701
1544911707654406144,Thu Jul 07 05:14:11 +0000 2022,34,@republikaonline Kalo masih ada yg percaya abu janda udah mentok itu otaknya. Ga ketolong...,1544912642682552320,,republikaonline,in,Hindia Belanda,0,0,8,https://x.com/4d_h1m/status/1544912642682552320,105695916,4d_h1m
1544911707654406144,Thu Jul 07 12:43:23 +0000 2022,1,@republikaonline Penjarain aja cicit abu lahab ni dah terlalu banyak fitnah dan kebencian yang dia tebar,1545025688331497474,,republikaonline,in,,0,0,0,https://x.com/Ombujank007/status/1545025688331497474,2511005904,Ombujank007
1544911707654406144,Sat Jul 09 15:10:09 +0000 2022,0,@republikaonline Terus mau di apain.?,1545787397472133121,,republikaonline,in,,0,0,0,https://x.com/smartAde091/status/1545787397472133121,2656576201,smartAde091
1544911707654406144,Sat Jul 09 05:03:24 +0000 2022,0,@republikaonline Tangkap aja,1545634703507460096,,republikaonline,in,,0,0,0,https://x.com/Lin05071987Lin/status/1545634703507460096,1545120925389303808,Lin05071987Lin
1544911707654406144,Thu Jul 07 08:26:12 +0000 2022,2,@republikaonline Babi babi abu janda bangsat kalau dijalan langsung esekusi saja seng pake lama penebar HOAX kebencian,1544960963278819328,,republikaonline,in,Jakarta,0,0,0,https://x.com/ayaharno/status/1544960963278819328,389937149,ayaharno
1544911707654406144,Thu Jul 07 06:45:16 +0000 2022,3,@republikaonline Gas poolll pendukung Anies gk usah pake reemmm cari sampai dapat abu janda ! Beginilah kalau aparat tebang pilih. Malah merusak gadu domba sesama anak bangsa. Silahkan aparat hukum pak jenderal @ListyoSigitP jgn biarkan Indonesia robek oleh buzzeRp. Takutlah pd Tuhan,1544935563438206977,,republikaonline,in,Jakarta Capital Region,0,0,0,https://x.com/WongDes90513142/status/1544935563438206977,1241734809182859264,WongDes90513142
1544911707654406144,Thu Jul 07 12:40:35 +0000 2022,2,@republikaonline Meskipun sy bukan pendukungnya anis tp sy sangat berharap aparat menindak tegas abu janda..,1545024981184442370,,republikaonline,in,,0,0,0,https://x.com/mulyana1105/status/1545024981184442370,842167996940394496,mulyana1105
1544911707654406144,Thu Jul 07 05:44:50 +0000 2022,1,@republikaonline Gak bakal ditangkep.,1544920353436487685,,republikaonline,in,,0,0,1,https://x.com/mail19941120/status/1544920353436487685,1138928918,mail19941120
1544911707654406144,Thu Jul 07 05:51:59 +0000 2022,1,@republikaonline Parah ini mah niat banget bukan lucu2an.. polisi kalau diam saja berarti memang gerombolan pemecah belah ini dipelihara negara.,1544922155137110016,,republikaonline,in,bumi Allah,0,0,2,https://x.com/Ach_Faizal/status/1544922155137110016,141001653,Ach_Faizal
1544911707654406144,Thu Jul 07 05:12:49 +0000 2022,15,@republikaonline Gak bakalan ditangkep juga. Wong backingannya ngeri2,1544912299382648832,,republikaonline,in,Indonesia,0,1,1,https://x.com/fedriza/status/1544912299382648832,83334017,fedriza
1544911707654406144,Thu Jul 07 05:40:37 +0000 2022,2,@republikaonline @WinModerat pa @henrysubiakto coba anda kawal orang ini utk diperiksa jika memang anda2 benar objective utk memerangi HOAX dan pecah belah bangsa,1544919293174824960,,republikaonline,in,,0,1,1,https://x.com/abi_izzan/status/1544919293174824960,777590460,abi_izzan
1544911707654406144,Thu Jul 07 09:04:44 +0000 2022,0,@republikaonline Ga bakal diproses..,1544970659855749120,,republikaonline,in,"Niigata-ken, Japan",0,0,0,https://x.com/el_avraham/status/1544970659855749120,77971073,el_avraham
1544911707654406144,Thu Jul 07 12:50:28 +0000 2022,2,@republikaonline Presisi pol1s1 cm tegas en terukur ama orang yg d luar pemerintahan itu fakta en terang2an.,1545027469069000704,,republikaonline,in,"Denpasar, Bali",0,0,0,https://x.com/J4ck_Pipp0/status/1545027469069000704,1106587830879318016,J4ck_Pipp0
1544911707654406144,Thu Jul 07 05:53:40 +0000 2022,1,@republikaonline Terlalu bagus jika profesinya disebut Pegiat Media Sosial seharusnya Pegiat Hoax &amp; adu domba .,1544922577474560000,,republikaonline,in,Wakanda,0,0,2,https://x.com/akunugrahaa/status/1544922577474560000,1011408961256345600,akunugrahaa
1544911707654406144,Thu Jul 07 05:46:24 +0000 2022,4,@republikaonline @Asan_Almadury Sepanjang hukum tidak menjangkau Abu Janda CS dia dan BzzRp akan terus memproduksi hoak.,1544920748955140096,,republikaonline,in,,0,0,1,https://x.com/LikParjo/status/1544920748955140096,899135401662623744,LikParjo
1544911707654406144,Fri Jul 08 14:52:26 +0000 2022,0,@republikaonline Hukum LUMPUH ketika menghadapi piaraan para oknum pejabat ini. Jujur saya tidak ikhlas dunia akhirat atas pajak yg saya bayar pada negara ini ketika ada uang negara untuk membayar kaum buzzeRP seperti @permadiakvitis dkk nya!! Laknat dari Allah ats perbuannkalian para buzzeRP,1545420550339670017,,republikaonline,in,indonesia,0,0,0,https://x.com/yusuf_abdillah_/status/1545420550339670017,2428918770,yusuf_abdillah_
1544911707654406144,Thu Jul 07 07:36:16 +0000 2022,1,@republikaonline Hukum tumpul ke buzzer mah aman ini.. mau dia fitnah kaya apaan juga ,1544948399501619205,,republikaonline,in,,0,0,0,https://x.com/mhammam_/status/1544948399501619205,73594954,mhammam_
1544911707654406144,Sat Jul 09 00:20:37 +0000 2022,0,@republikaonline Kalo @aniesbaswedan tidak mengambil langkah hukum terhadap @permadiarya maka bisa2 pendukungnya @sobat_anies @SobatAniesJksl kesal dan tidak akan mendukungnya di Pilpres 2024,1545563539766538240,,republikaonline,in,"Ambon, Maluku, Indonesia",0,0,0,https://x.com/Shahapory/status/1545563539766538240,60877658,Shahapory
1544911707654406144,Thu Jul 07 10:45:12 +0000 2022,0,@republikaonline Bisa kena uu ite ga nih? @fernandaryan21 @fadil_mfr @gfrx_ ?,1544995943820718081,,republikaonline,in,,0,1,0,https://x.com/MBM_three/status/1544995943820718081,229136132,MBM_three
1544911707654406144,Sat Jul 09 00:19:05 +0000 2022,0,@republikaonline Aman. Sementara,1545563154469380096,,republikaonline,in,majalengka,0,0,0,https://x.com/de2n_ramdhan/status/1545563154469380096,567307640,de2n_ramdhan
1544911707654406144,Fri Jul 08 11:30:24 +0000 2022,0,@republikaonline Ga bakalan diproses walau dilaporka karna dia seperti BINATANG yang dilindungi negara!,1545369706634559488,,republikaonline,in,,0,0,0,https://x.com/Arra77791/status/1545369706634559488,1315570533795209216,Arra77791
1544911707654406144,Fri Jul 08 10:58:28 +0000 2022,0,@republikaonline Itu Namanya Kurang AJAR MAKHLUQ ini Gak layak hdp diBUMI..INDONESIA..KERJAANNYA JADI AGEN FITNAH.,1545361670423609344,,republikaonline,in,,0,0,0,https://x.com/Reza11638056/status/1545361670423609344,1419089036254220294,Reza11638056
1544911707654406144,Thu Jul 07 05:41:56 +0000 2022,57,@republikaonline Sy bukan pendukung siapapun. Tp fitnah si Abu Janda tsb sdh teramat keji. Semoga pak @aniesbaswedan terus bersabar utk tdk melaporkannya ke Polisi. üáÆüá©üáÆüá©,1544919623870861312,,republikaonline,in,Jakarta,0,5,6,https://x.com/Ophan_Lamara/status/1544919623870861312,104526922,Ophan_Lamara
1544911707654406144,Thu Jul 07 06:08:18 +0000 2022,1,@republikaonline Tuntaskan,1544926258852921344,,republikaonline,in,"West Sumatra, Indonesia",0,0,1,https://x.com/endang_s81/status/1544926258852921344,1167750295415189504,endang_s81
1544911707654406144,Thu Jul 07 06:19:06 +0000 2022,4,@republikaonline Pengen patah-patahin tulang itu smp jadi Abu beneran,1544928979915640834,,republikaonline,in,,0,0,0,https://x.com/Thirty59060925/status/1544928979915640834,1371501931517014018,Thirty59060925
1544911707654406144,Thu Jul 07 11:58:16 +0000 2022,3,@republikaonline Jangan sampai masyarakat makin yakin bahwa buzzer peliharaan negara itu ada...dan kebal hukum...,1545014333792329730,,republikaonline,in,indonesia,0,0,0,https://x.com/AryFadillah72/status/1545014333792329730,1175741332247072770,AryFadillah72
1544911707654406144,Thu Jul 07 07:41:33 +0000 2022,4,@republikaonline Presisinya @DivHumas_Polri ada pengecualiannya. Contoh pengecualiannya Adalah --&gt;&gt; Abujanda deni siregar. Mereka dilindungi oleh kekuatan yg 7 tingkat diatas hukum RI. pantes aja polisi manut.,1544949727766016001,,republikaonline,in,,0,0,0,https://x.com/Siorange3/status/1544949727766016001,1134486621900877829,Siorange3
1544911707654406144,Thu Jul 07 08:27:55 +0000 2022,2,@republikaonline Laporkan dan kandangin bikin gaduh dan potensi memecah belah anak bangsa,1544961396294959104,,republikaonline,in,,0,0,0,https://x.com/cahthableug/status/1544961396294959104,1416887828,cahthableug
1544911707654406144,Thu Jul 07 07:50:27 +0000 2022,6,@republikaonline Apa tuan yang terhormat permadi arya kena delik?ah sudah lah ituh hanya khayalan saja,1544951969382481920,,republikaonline,in,,0,0,0,https://x.com/Garage59682509/status/1544951969382481920,1492192335316365316,Garage59682509
1544911707654406144,Thu Jul 07 06:24:57 +0000 2022,38,@republikaonline https://t.co/oF7ZBNm9gm,1544930450723835904,https://pbs.twimg.com/media/FXCyDoMakAEo5mk.jpg,republikaonline,qme,"Ibu Kota Bau,Negeri Sikopet",0,0,7,https://x.com/Cpt28_/status/1544930450723835904,3539295794,Cpt28_
1544911707654406144,Thu Jul 07 05:47:06 +0000 2022,1,@republikaonline Siap2 jeruji,1544920926021914624,,republikaonline,in,Indonesia,0,3,1,https://x.com/satosi64/status/1544920926021914624,795121823549571072,satosi64
1544911707654406144,Fri Jul 08 03:27:29 +0000 2022,1,@republikaonline Sebenarnya sederhana kalau pak polisi takut kepada Abu Janda dan sejenisnya maka serahkan saja kepada masyarakat banyak yg berani. Bagaimana pak @ListyoSigitP ??,1545248178659684352,,republikaonline,in,,0,0,0,https://x.com/Budiarto6575/status/1545248178659684352,2479638865,Budiarto6575
1544911707654406144,Thu Jul 07 09:13:49 +0000 2022,2,@republikaonline Harus kena ini orang sudah terlalu sering membuat fitnah tapi tidak terjerat hukum.,1544972945298075650,,republikaonline,in,"Jakarta Selatan, DKI Jakarta",0,1,0,https://x.com/arkadinews/status/1544972945298075650,1221341933655609344,arkadinews
1544911707654406144,Thu Jul 07 10:55:55 +0000 2022,1,@republikaonline Aku tebak Abu janda kagak di-apa2in.,1544998641630265344,,republikaonline,in,,0,0,0,https://x.com/Suga61166612/status/1544998641630265344,1426185474679263237,Suga61166612
1544911707654406144,Thu Jul 07 15:35:09 +0000 2022,0,@republikaonline Kapan abu janda ditangkap!!!,1545068912068333569,,republikaonline,in,"Jakarta Timur, DKI Jakarta",0,0,0,https://x.com/moabdul119/status/1545068912068333569,751712076670709760,moabdul119
1544911707654406144,Fri Jul 08 04:31:49 +0000 2022,0,@republikaonline Selama jokowi berkuasa jangan berharap akab diproses. Percuma mau dilaporkanpun.,1545264366538588160,,republikaonline,in,,0,0,0,https://x.com/Doni13587681/status/1545264366538588160,1110197436935335937,Doni13587681
1544911707654406144,Thu Jul 07 23:47:08 +0000 2022,0,@republikaonline #TangkapAbuJanda,1545192724063989760,,republikaonline,qme,,0,0,0,https://x.com/Mustaki41629998/status/1545192724063989760,1531508912163532800,Mustaki41629998
1544911707654406144,Fri Jul 08 01:33:29 +0000 2022,0,@republikaonline gausah heran,1545219489327116289,,republikaonline,in,,0,0,0,https://x.com/agengluii/status/1545219489327116289,295680222,agengluii
1544911707654406144,Fri Jul 08 05:07:03 +0000 2022,0,@republikaonline KARUNGIN buzzerP,1545273233045606400,,republikaonline,in,,0,0,0,https://x.com/Wirasuta20/status/1545273233045606400,1477100501942501377,Wirasuta20
1544911707654406144,Thu Jul 07 15:51:54 +0000 2022,0,@republikaonline #TangkapAbuJanda pak @ListyoSigitP hukum jangan mandul pak.,1545073127528353792,,republikaonline,in,Bekasi,0,0,0,https://x.com/Ifandadi24M/status/1545073127528353792,486347434,Ifandadi24M
1544911707654406144,Fri Jul 08 02:54:06 +0000 2022,0,@republikaonline Pemimpin yang hebat akan banyak di tempa kecerdasan ahlak dan ilmunya dan itu akan jadi pembeda @aniesbaswedan,1545239774671212546,,republikaonline,in,,0,0,0,https://x.com/suandie_hs/status/1545239774671212546,2289186584,suandie_hs
1544911707654406144,Thu Jul 07 19:49:32 +0000 2022,0,@republikaonline Tangkap pembuat fitnah! Tidak boleh ada anak emas di negeri ini. Jika penguasa mau dikatakan penegak hukum yg adil dan memihak kebenaran buktikan saat ini atau anda akan disebut PENGKHIANAT dan menjadi catatan sejarah yg buruk bahkan dikatakan brengsek sepanjang sejarah,1545132931626450944,,republikaonline,in,"Jakarta Pusat, DKI Jakarta",0,0,0,https://x.com/mochtar_03/status/1545132931626450944,892723765821321222,mochtar_03
1544911707654406144,Fri Jul 08 05:46:05 +0000 2022,0,@republikaonline Hayooh berani gak sma abu janda,1545283059112587264,,republikaonline,in,"Central Java, Indonesia",0,0,0,https://x.com/UuiNugroho/status/1545283059112587264,1116325069423202304,UuiNugroho
1544911707654406144,Thu Jul 07 23:44:01 +0000 2022,0,@republikaonline Adaaaaa aja yg percaya sama tu makhluk. Heran...,1545191938931838977,,republikaonline,in,,0,0,0,https://x.com/KavindraOemar/status/1545191938931838977,1030025737577803776,KavindraOemar
1544911707654406144,Thu Jul 07 08:33:31 +0000 2022,0,@republikaonline si anjing menggonggong kelaperan,1544962805949796352,,republikaonline,in,"Malang, Jawa Timur",0,0,0,https://x.com/hilmanzeal22/status/1544962805949796352,1073969973209444353,hilmanzeal22
1544911707654406144,Thu Jul 07 14:00:53 +0000 2022,0,@republikaonline Percuman manusia kebal hukum.. Ga bakal bisa di tangkep,1545045191635005442,,republikaonline,in,Kecamatan TURIN,0,0,0,https://x.com/ryanrachman21/status/1545045191635005442,533571174,ryanrachman21
1544911707654406144,Thu Jul 07 08:21:59 +0000 2022,0,@republikaonline https://t.co/HfJhwVqToO,1544959901960908800,https://pbs.twimg.com/ext_tw_video_thumb/1544959864589668352/pu/img/gNrcsF7mYU7nkbSC.jpg,republikaonline,qme,"Monterado , Indonesia",0,0,0,https://x.com/aanmontte/status/1544959901960908800,1689622652,aanmontte
1544911707654406144,Thu Jul 07 08:54:50 +0000 2022,0,@republikaonline Kalo @DivHumas_Polri tidak bisa tangkap! Biarkan pengadilan jalanan mencari keadilan Para pengacau NKRI (buzzerrp),1544968169978474496,,republikaonline,in,Jakarta Capital Region,0,0,0,https://x.com/pitung_zorro/status/1544968169978474496,3054820975,pitung_zorro
1544911707654406144,Thu Jul 07 12:18:02 +0000 2022,0,@republikaonline Makin menjadi.,1545019308904189953,,republikaonline,in,"Central Region, Singapore",0,0,0,https://x.com/Ng3G4/status/1545019308904189953,1105865093206630400,Ng3G4
1544911707654406144,Thu Jul 07 13:53:59 +0000 2022,0,@republikaonline Dia kan kebal ... Coba aja kalo bisa.... Lihat dulu siapa Di belakangnya?,1545043452336828419,,republikaonline,in,,0,0,0,https://x.com/DutaMuara/status/1545043452336828419,1539267277341618176,DutaMuara
1544911707654406144,Thu Jul 07 07:48:38 +0000 2022,0,@republikaonline Abu Janda cs merupakan Buzzer peliharaan penguasa sengaja dipelihara untuk bikin rusuh menyerang tokoh kritis dan mengalihkan isu yang sedang dihadapi oleh penguasa.,1544951509980307456,,republikaonline,in,,0,0,0,https://x.com/Razieq97/status/1544951509980307456,1434704169588256773,Razieq97
1544911707654406144,Thu Jul 07 10:41:44 +0000 2022,0,@republikaonline abu areng,1544995071782637568,,republikaonline,in,"Stamford Bridge, England",0,0,0,https://x.com/hdynugraha/status/1544995071782637568,1080507811124006913,hdynugraha
1544911707654406144,Thu Jul 07 13:06:19 +0000 2022,0,@republikaonline Kita lihat bagaimana..kerja kepolisian kalo ada seperti ini...,1545031456766177282,,republikaonline,in,,0,0,0,https://x.com/karsononrimo/status/1545031456766177282,803971884165402624,karsononrimo
1544911707654406144,Fri Jul 08 00:40:37 +0000 2022,0,@republikaonline Ini merupakan kejahatan besar pantas mendapatkan azab yang besar. sepadan dengan hal fitnah akan dihukumi dengan kejahatan pembunuhan.,1545206184831238144,,republikaonline,in,,0,0,0,https://x.com/Setyoutomo01/status/1545206184831238144,1497965289677660167,Setyoutomo01
1544911707654406144,Thu Jul 07 17:16:06 +0000 2022,0,@republikaonline Berharap ada 1000 orang seperti @pd_eni yang meneruskan narasi abu janda ini dengan tambahan bumbu. Kemudian mengharapkan susulan 1000 kasus persekusi. Fixed pak @ListyoSigitP untuk dicek. Meresahkan,1545094316204339201,,republikaonline,in,,0,0,0,https://x.com/iwanpetroza/status/1545094316204339201,58424513,iwanpetroza
1544911707654406144,Thu Jul 07 23:08:57 +0000 2022,0,@republikaonline Sakit jiwa tuh orng orang kek gitu tangkep hukum klo bisa seumur hidup gak guna soalnya di Indonesia ini malah dipelihara emg dah ini negeri kagak pnya cita2 mau maju,1545183113684602880,,republikaonline,in,Bekasi Utara,0,0,0,https://x.com/wahdjuu/status/1545183113684602880,559539841,wahdjuu
1544911707654406144,Thu Jul 07 22:47:00 +0000 2022,0,@republikaonline Harus segera di tangkap,1545177591643942912,,republikaonline,in,,0,0,0,https://x.com/YayasFishing/status/1545177591643942912,1520949982538309632,YayasFishing
1544911707654406144,Thu Jul 07 16:02:49 +0000 2022,0,@republikaonline Laporkan saja si penyebar kebencian macam abu janda dkk jangan dibiarkan meraja lela tak tersentuh hukum ...,1545075874160029697,,republikaonline,in,,0,0,0,https://x.com/KepastionoP/status/1545075874160029697,1504148760968167424,KepastionoP
1544911707654406144,Thu Jul 07 22:56:57 +0000 2022,0,@republikaonline Dari kemarin baca comment di semua timeline isinya pada pesimis abu janda bakalan ditangkap udah segini parahnya kepercayaan masyarakat khususnya netizen sama penegakan hukum.,1545180097011134464,,republikaonline,in,,0,0,0,https://x.com/abi_ayra/status/1545180097011134464,390119064,abi_ayra
1544911707654406144,Thu Jul 07 15:10:49 +0000 2022,0,@republikaonline Dia mah mau berbuat apa saja tetap dilindungi dan kebal hukum...,1545062787273015297,,republikaonline,in,,0,0,0,https://x.com/Dodosorangan/status/1545062787273015297,1483927098272419844,Dodosorangan
1544911707654406144,Thu Jul 07 16:51:52 +0000 2022,0,@republikaonline inilah kenapa kalo ketemu buzzer2 yg sering nyebar hoax pengennya langsung mukulin,1545088221356232704,,republikaonline,in,,0,0,0,https://x.com/dybaleee/status/1545088221356232704,193636330,dybaleee
1544911707654406144,Thu Jul 07 09:39:26 +0000 2022,1,@republikaonline Si abu janda ini lebih berbahaya dari teroris,1544979392866095107,,republikaonline,in,,0,0,0,https://x.com/Muntang9/status/1544979392866095107,1239880048045223938,Muntang9
1544911707654406144,Thu Jul 07 06:30:22 +0000 2022,2,@republikaonline Penjarakan abu janda telah menyebarkan hoak @ListyoSigitP @DivHumas_Polri .orang ini selalu membuat kegaduhan,1544931813478387712,,republikaonline,in,.,1,1,1,https://x.com/aku_indonesia_1/status/1544931813478387712,3234827125,aku_indonesia_1
1544911707654406144,Thu Jul 07 14:03:56 +0000 2022,0,@republikaonline Tweet sendiri kemudian komen sendiri ???,1545045957561430017,,republikaonline,in,,0,0,0,https://x.com/SevenMeha/status/1545045957561430017,3948508633,SevenMeha
1544911707654406144,Thu Jul 07 22:26:25 +0000 2022,0,@republikaonline #TangkapAbuJanda,1545172412358361088,,republikaonline,qme,di hatimu,0,0,0,https://x.com/twitDariHatiMu/status/1545172412358361088,1496769431527387140,twitDariHatiMu
1544911707654406144,Thu Jul 07 20:04:58 +0000 2022,0,@republikaonline Kek ya sdh wktnya abu janda dimskkan kotak....,1545136815409008640,,republikaonline,in,Zimbabwe,0,0,0,https://x.com/i_oneprast/status/1545136815409008640,1171212498000728064,i_oneprast
1544911707654406144,Thu Jul 07 18:18:26 +0000 2022,0,@republikaonline #TangkapAbuJanda #TangkapAbuJanda @ListyoSigitP @DivHumas_Polri @CCICPolri @aniesbaswedan,1545110003551387648,,republikaonline,qme,Indonesia,0,0,0,https://x.com/rang_simabua/status/1545110003551387648,1331112764,rang_simabua
1544911707654406144,Fri Jul 08 04:50:29 +0000 2022,0,@republikaonline gua pengen edit vidio jokowi lagi pidato dukung pki kira2 boleh gak..???? gua edit untuk lucu2 an.. pasti gak boleh dan gua dengan cepet nya pasti di tangkep sama polisi karna udah bikin hoax dan fitnah atau misal nya gak usah vidio jokowi vidio ganjar atau gibran gituh.,1545269065048260608,,republikaonline,in,"Mauk, Indonesia",0,0,0,https://x.com/Sagat79666746/status/1545269065048260608,941727418183647232,Sagat79666746
1544911707654406144,Fri Jul 08 05:25:25 +0000 2022,0,@republikaonline Abu janda baru bisa diproses setelah pemilu selesai itupun klo Ganjar kalah Klo menang yah kemungkinan tambah ganas si abu janda ,1545277858444374016,,republikaonline,in,,0,0,0,https://x.com/anti__air/status/1545277858444374016,1476791477409697793,anti__air
1544911707654406144,Fri Jul 08 00:15:50 +0000 2022,0,@republikaonline Sy sbg rakyat biasa.suka aneh.mereka yg sebenarnya sering melanggar hukum.UU https://t.co/y7OXglV3TZ koq bebas berulang kali utk menyebarkan hoaks kebencian yg mnrt sy berpotensi mnimbulkn https://t.co/5RXERrcRMC dan kontra di msyrkt.smntra di pihak lain sdkt nyerempet lsg gercep,1545199945208057856,,republikaonline,in,,0,0,0,https://x.com/aripbudd/status/1545199945208057856,1418908401967448075,aripbudd
1544911707654406144,Thu Jul 07 21:53:59 +0000 2022,0,@republikaonline ...masih kuatkah abu janda kali ini...?,1545164250712506368,,republikaonline,in,"Purwokerto Barat, Indonesia",0,0,0,https://x.com/Yadijlp/status/1545164250712506368,1083977259067703297,Yadijlp
1544911707654406144,Fri Jul 08 02:09:15 +0000 2022,0,@republikaonline Atensi @CCICPolri,1545228490873528320,,republikaonline,it,,0,0,0,https://x.com/oknumwarga/status/1545228490873528320,217752643,oknumwarga
1544911707654406144,Fri Jul 08 05:19:07 +0000 2022,0,@republikaonline @wong_antik Tunggu abu janda ada masanya kau pasti dilaknat,1545276270938030080,,republikaonline,in,,0,0,0,https://x.com/dirhalamsyah/status/1545276270938030080,1425361984162127876,dirhalamsyah
1544911707654406144,Thu Jul 07 13:27:05 +0000 2022,0,@republikaonline Bang @GeiszChalifah @aniesbaswedan apakah tdk ada tindak lanjut u/ melaporkan si abu ini ke polisi?,1545036683975856128,,republikaonline,in,,0,0,0,https://x.com/Yel31043884/status/1545036683975856128,1537690594079744002,Yel31043884
1544911707654406144,Thu Jul 07 13:34:27 +0000 2022,0,@republikaonline Semoga Allah SWT mengutus Malaikat Izrail untuk menjadi sekujur bangkai,1545038537078493184,,republikaonline,in,,0,0,0,https://x.com/TaufiqQ18529183/status/1545038537078493184,1537810091885613057,TaufiqQ18529183
1544911707654406144,Thu Jul 07 13:36:47 +0000 2022,0,@republikaonline Tangkap dan seret itu si abu durjana,1545039125119901696,,republikaonline,in,Selong,0,0,0,https://x.com/ayahayah2000/status/1545039125119901696,1647131612,ayahayah2000
1544911707654406144,Thu Jul 07 13:41:00 +0000 2022,0,@republikaonline @Darminto55Anto Karena abu janda cs itu KEBAL HUKUM makanya mereka berkali2 sebar hoax ttg pak Anies. Presisi pak pol @DivHumas_Polri @CCICPolri #TangkapAbuJanda !!,1545040187285073920,,republikaonline,in,"Kota Kinabalu, Sabah",0,0,0,https://x.com/wahyu_djanti88/status/1545040187285073920,894085686470483968,wahyu_djanti88
1544911707654406144,Thu Jul 07 23:40:53 +0000 2022,0,@republikaonline yuk siapkan petrus jaman Mbah To ...,1545191153326166016,,republikaonline,in,Indonesia,0,0,0,https://x.com/putih_dan_hitam/status/1545191153326166016,1441411942615191557,putih_dan_hitam
1544911707654406144,Thu Jul 07 16:05:08 +0000 2022,0,@republikaonline Mo pilpres di kluarin deeh anak anak setan Nye ......,1545076460503060480,,republikaonline,in,Jakarta Indonesia,0,0,0,https://x.com/VBadawie/status/1545076460503060480,1198977467492397056,VBadawie
1544911707654406144,Thu Jul 07 13:52:47 +0000 2022,0,@republikaonline Apakah akan ditangkap? PR yang diberikan ibu guru terlalu sulit untuk dijelaskan anak ku yang masih SD kelas 1.,1545043149533638657,,republikaonline,in,cirebon,0,0,0,https://x.com/kartawie07/status/1545043149533638657,465371198,kartawie07
1544911707654406144,Fri Jul 08 01:13:12 +0000 2022,0,@republikaonline tangkap,1545214382820720640,,republikaonline,in,,0,0,0,https://x.com/SyaifulAmirChan/status/1545214382820720640,558478640,SyaifulAmirChan
1544911707654406144,Fri Jul 08 01:57:12 +0000 2022,0,@republikaonline Halah abu janda mah dari dulu juga bikin hoax mulu. Tp ya namanya juga peliharaan tuan rezim. Jadi tetep aman si anjing ini. Bekingannya bukan kaleng kaleng kayanya.,1545225458916413440,,republikaonline,in,"Depok, Jawa Barat",0,0,0,https://x.com/Herzenskummers/status/1545225458916413440,736250454552674307,Herzenskummers
1544911707654406144,Thu Jul 07 21:23:27 +0000 2022,0,@republikaonline Warga negara kelas 1 ?,1545156565958737920,,republikaonline,in,,0,0,0,https://x.com/YSatriadi/status/1545156565958737920,782087162,YSatriadi
1544911707654406144,Thu Jul 07 07:12:01 +0000 2022,2,@republikaonline Ya Allah...Astagfirullah jahat sekali Abu Janda semoga Allah membalasnya dgn azab yg kejam.,1544942294452916224,,republikaonline,in,,0,0,0,https://x.com/IndahMariam3/status/1544942294452916224,1479597264792285187,IndahMariam3
1544911707654406144,Thu Jul 07 05:36:18 +0000 2022,3,@republikaonline Peliharaan penjahat mau bikin kejahatan macam apapun bebas2 aja.. Yg melihara dan dipelihara kelakuannya sama..,1544918206858481664,,republikaonline,in,"Bekasi Barat, Indonesia",0,0,0,https://x.com/budiwidagdo2/status/1544918206858481664,971046093331943424,budiwidagdo2
1544911707654406144,Thu Jul 07 05:46:47 +0000 2022,2,@republikaonline Orang awam tetap kena nih klw dah canggih kek gini,1544920843762823168,,republikaonline,in,semarang,0,0,1,https://x.com/phunky_/status/1544920843762823168,401322965,phunky_
1544911707654406144,Thu Jul 07 10:22:12 +0000 2022,1,@republikaonline Menguji nyali pak Kapolri @ListyoSigitP dan @HumasPolri apakah berani memproses tanpa pandang bulu,1544990158491381761,,republikaonline,in,"Kalibata, Jakarta Selatan",0,1,0,https://x.com/Herrytyp/status/1544990158491381761,56954279,Herrytyp
1544911707654406144,Thu Jul 07 15:24:41 +0000 2022,5,@republikaonline @didik_bung Gerombolan cebong bangsat bangsa pasti bebas menyebar fitnah dan kebencian karena mereka sengaja dipiara https://t.co/wm2WiumYuw,1545066279752503296,https://pbs.twimg.com/media/FXEtl43aUAAnz-h.jpg,republikaonline,in,"Jawa Barat, Indonesia",0,0,1,https://x.com/kamekpalala/status/1545066279752503296,2164218571,kamekpalala
1544911707654406144,Thu Jul 07 09:00:55 +0000 2022,1,@republikaonline Sundul tagar #TangkapAbuJanda #TangkapAbuJanda,1544969699662114816,,republikaonline,en,"D√ºsseldorf, Deutschland",0,0,1,https://x.com/DatukPanduto_/status/1544969699662114816,1184749821573259264,DatukPanduto_
